customerID,tenure_band,spend_tier,is_at_risk,revenue_at_risk
7590-VHVEG,0-10,10-30,0,0.0
5575-GNVDE,30-40,50-70,0,0.0
3668-QPYBK,0-10,50-70,0,0.0
7795-CFOCW,40-50,30-50,0,0.0
9237-HQITU,0-10,70-90,0,0.0
9305-CDSKC,0-10,90+,0,0.0
1452-KIOVK,20-30,70-90,0,0.0
6713-OKOMC,10-20,10-30,0,0.0
7892-POOKP,20-30,90+,0,0.0
6388-TABGU,50+,50-70,0,0.0
9763-GRSKD,10-20,30-50,0,0.0
7469-LKBCI,10-20,10-30,0,0.0
8091-TTVAX,50+,90+,0,0.0
0280-XJGEX,40-50,90+,0,0.0
5129-JLPIS,20-30,90+,0,0.0
3655-SNQYZ,50+,90+,0,0.0
8191-XWSZG,50+,10-30,0,0.0
9959-WOFKT,50+,90+,0,0.0
4190-MFLUW,10-20,50-70,0,0.0
4183-MYFRB,20-30,90+,0,0.0
8779-QRDMV,0-10,30-50,0,0.0
1680-VDCWW,10-20,10-30,0,0.0
1066-JKSGK,0-10,10-30,0,0.0
3638-WEABW,50+,50-70,0,0.0
6322-HRPFA,40-50,50-70,0,0.0
6865-JZNKO,30-40,50-70,0,0.0
6467-CHFZW,40-50,90+,0,0.0
8665-UTDHZ,0-10,30-50,0,0.0
5248-YGIJN,50+,90+,0,0.0
8773-HHUOZ,10-20,50-70,0,0.0
3841-NFECX,50+,90+,0,0.0
4929-XIHVW,0-10,90+,0,0.0
6827-IEAUQ,20-30,50-70,0,0.0
7310-EGVHZ,0-10,10-30,0,0.0
3413-BMNZE,0-10,30-50,0,0.0
6234-RAAPL,50+,90+,0,0.0
6047-YHPVI,0-10,50-70,0,0.0
6572-ADKRS,40-50,70-90,0,0.0
5380-WJKOV,30-40,90+,0,0.0
8168-UQWWF,10-20,90+,0,0.0
8865-TNMNX,10-20,30-50,0,0.0
9489-DEDVP,50+,50-70,0,0.0
9867-JCZSP,10-20,10-30,0,0.0
4671-VJLCL,50+,70-90,0,0.0
4080-IIARD,10-20,70-90,0,0.0
3714-NTNFO,40-50,70-90,0,0.0
5948-UJZLF,0-10,30-50,0,0.0
7760-OYPDY,0-10,70-90,0,0.0
7639-LIAYI,50+,70-90,0,0.0
2954-PIBKO,50+,50-70,0,0.0
8012-SOUDQ,40-50,90+,0,0.0
9420-LOJKX,10-20,90+,0,0.0
6575-SUVOI,20-30,50-70,0,0.0
7495-OOKFY,0-10,70-90,0,0.0
4667-QONEA,50+,70-90,0,0.0
1658-BYGOY,10-20,90+,0,0.0
8769-KKTPH,50+,90+,0,0.0
5067-XJQFU,50+,90+,0,0.0
3957-SQXML,30-40,10-30,0,0.0
5954-BDFSG,50+,90+,0,0.0
0434-CSFON,40-50,90+,0,0.0
1215-FIGMP,50+,70-90,0,0.0
0526-SXDJP,50+,30-50,0,0.0
0557-ASKVU,10-20,50-70,0,0.0
5698-BQJOH,0-10,90+,0,0.0
5122-CYFXA,0-10,70-90,0,0.0
8627-ZYGSZ,40-50,70-90,0,0.0
3410-YOQBQ,30-40,70-90,0,0.0
3170-NMYVV,50+,10-30,0,0.0
7410-OIEDU,10-20,70-90,0,0.0
2273-QCKXA,0-10,30-50,0,0.0
0731-EBJQB,50+,10-30,0,0.0
1891-QRQSA,50+,90+,0,0.0
8028-PNXHQ,50+,10-30,0,0.0
5630-AHZIL,0-10,50-70,0,0.0
2673-CXQEU,50+,90+,0,0.0
6416-JNVRK,40-50,50-70,0,0.0
5590-ZSKRV,0-10,50-70,0,0.0
0191-ZHSKZ,30-40,70-90,0,0.0
3887-PBQAO,40-50,10-30,0,0.0
5919-TMRGD,0-10,70-90,0,0.0
8108-UXRQN,10-20,50-70,0,0.0
9191-MYQKX,0-10,70-90,0,0.0
9919-YLNNG,40-50,90+,0,0.0
0318-ZOPWS,40-50,10-30,0,0.0
4445-ZJNMU,0-10,90+,0,0.0
4808-YNLEU,30-40,50-70,0,0.0
1862-QRWPE,40-50,10-30,0,0.0
2796-NNUFI,40-50,10-30,0,0.0
3016-KSVCP,20-30,30-50,0,0.0
4767-HZZHQ,30-40,70-90,0,0.0
2424-WVHPL,0-10,70-90,1,74.7
7233-PAHHL,50+,70-90,0,0.0
6067-NGCEU,50+,90+,0,0.0
9848-JQJTX,50+,90+,0,0.0
8637-XJIVR,10-20,70-90,0,0.0
9803-FTJCG,50+,50-70,0,0.0
0278-YXOOG,0-10,10-30,0,0.0
3212-KXOCR,50+,10-30,0,0.0
4598-XLKNJ,20-30,90+,0,0.0
6380-ARCEH,0-10,10-30,0,0.0
3679-XASPY,0-10,10-30,0,0.0
7123-WQUHX,30-40,90+,0,0.0
5386-THSLQ,50+,30-50,0,0.0
3192-NQECA,50+,90+,0,0.0
6180-YBIQI,0-10,10-30,0,0.0
6728-DKUCO,50+,90+,0,0.0
9750-BOOHV,30-40,30-50,0,0.0
8597-CWYHH,40-50,90+,0,0.0
2848-YXSMW,50+,10-30,0,0.0
0486-HECZI,50+,90+,0,0.0
4549-ZDQYY,50+,50-70,0,0.0
5712-AHQNN,40-50,90+,0,0.0
4846-WHAFZ,30-40,70-90,0,0.0
5256-SKJGO,50+,50-70,0,0.0
3071-VBYPO,0-10,70-90,1,89.85
9560-BBZXK,30-40,30-50,0,0.0
5299-RULOA,10-20,90+,0,0.0
8402-OOOHJ,40-50,10-30,0,0.0
9445-ZUEQE,20-30,70-90,0,0.0
1091-SOZGA,50+,90+,0,0.0
2928-HLDBA,0-10,10-30,0,0.0
0404-SWRVG,0-10,70-90,0,0.0
6497-TILVL,0-10,50-70,0,0.0
7219-TLZHO,0-10,10-30,0,0.0
4622-YNKIJ,30-40,70-90,0,0.0
4412-YLTKF,20-30,70-90,0,0.0
6734-PSBAW,50+,10-30,0,0.0
3930-ZGWVE,0-10,10-30,0,0.0
2639-UGMAZ,50+,50-70,0,0.0
2876-GZYZC,10-20,70-90,0,0.0
6207-WIOLX,20-30,50-70,0,0.0
8587-XYZSF,50+,50-70,0,0.0
3091-FYHKI,0-10,30-50,0,0.0
2372-HWUHI,0-10,30-50,0,0.0
7799-LGRDP,40-50,10-30,0,0.0
7850-VWJUU,20-30,70-90,0,0.0
3774-VBNXY,50+,10-30,0,0.0
6217-KDYWC,50+,10-30,0,0.0
0390-DCFDQ,0-10,70-90,0,0.0
3146-MSEGF,50+,70-90,0,0.0
4080-OGPJL,0-10,70-90,0,0.0
1095-WGNGG,50+,90+,0,0.0
2636-SJDOU,50+,70-90,0,0.0
1131-QQZEB,50+,10-30,0,0.0
5716-EZXZN,50+,90+,0,0.0
6837-BJYDQ,0-10,10-30,0,0.0
2135-RXIHG,0-10,30-50,0,0.0
6440-DKQGE,30-40,50-70,0,0.0
3466-BYAVD,10-20,50-70,0,0.0
3780-YVMFA,0-10,50-70,0,0.0
3874-EQOEP,0-10,90+,0,0.0
1679-JRFBR,50+,90+,0,0.0
9073-ZZIAY,50+,70-90,0,0.0
3077-RSNTJ,0-10,10-30,0,0.0
6551-GNYDG,10-20,70-90,0,0.0
9167-APMXZ,20-30,70-90,0,0.0
2749-CTKAJ,20-30,10-30,0,0.0
6371-NZYEG,10-20,50-70,0,0.0
7554-NEWDD,10-20,10-30,0,0.0
8992-VONJD,10-20,50-70,0,0.0
0867-MKZVY,20-30,70-90,0,0.0
4482-EWFMI,0-10,50-70,1,69.7
4648-YPBTM,50+,70-90,0,0.0
2907-ILJBN,10-20,10-30,0,0.0
6345-FZOQH,50+,10-30,0,0.0
3376-BMGFE,0-10,70-90,0,0.0
5997-OPVFA,50+,70-90,0,0.0
3445-HXXGF,50+,30-50,0,0.0
1159-WFSGR,10-20,10-30,0,0.0
7654-YWJUF,40-50,70-90,0,0.0
1875-QIVME,0-10,90+,0,0.0
6727-IOTLZ,10-20,70-90,0,0.0
0691-JVSYA,50+,90+,0,0.0
5918-VUKWP,30-40,10-30,0,0.0
1744-JHKYS,30-40,10-30,0,0.0
2656-FMOKZ,10-20,70-90,0,0.0
2070-FNEXE,0-10,70-90,0,0.0
5947-SGKCL,10-20,90+,0,0.0
3712-PKXZA,50+,10-30,0,0.0
6317-YPKDH,0-10,10-30,0,0.0
6582-OIVSP,0-10,30-50,0,0.0
9367-WXLCH,0-10,70-90,0,0.0
5524-KHNJP,30-40,70-90,0,0.0
1918-ZBFQJ,10-20,70-90,0,0.0
1024-GUALD,0-10,10-30,0,0.0
4827-USJHP,20-30,50-70,0,0.0
8167-GJLRN,0-10,30-50,0,0.0
0956-SYCWG,10-20,10-30,0,0.0
8017-UVSZU,40-50,50-70,0,0.0
7100-FQPRV,40-50,70-90,0,0.0
2472-OVKUP,0-10,90+,0,0.0
2984-RGEYA,50+,10-30,0,0.0
9680-NIAUV,50+,90+,0,0.0
2146-EGVDT,50+,10-30,0,0.0
2604-IJPDU,20-30,90+,0,0.0
9178-JHUVJ,20-30,10-30,0,0.0
6168-YBYNP,50+,90+,0,0.0
7255-SSFBC,50+,90+,0,0.0
3645-DEYGF,0-10,10-30,0,0.0
9323-HGFWY,20-30,90+,0,0.0
8544-GOQSH,10-20,70-90,0,0.0
3363-DTIVD,50+,90+,0,0.0
7018-WBJNK,10-20,70-90,0,0.0
9142-KZXOP,40-50,50-70,0,0.0
7674-YTAFD,30-40,70-90,0,0.0
6348-SNFUS,50+,50-70,0,0.0
1285-OKIPP,0-10,70-90,0,0.0
7825-ECJRF,10-20,90+,0,0.0
1347-KTTTA,50+,90+,0,0.0
7841-TZDMQ,0-10,30-50,0,0.0
4195-NZGTA,0-10,10-30,0,0.0
7157-SMCFK,50+,10-30,0,0.0
4709-LKHYG,20-30,10-30,0,0.0
2504-DSHIH,20-30,70-90,0,0.0
0699-NDKJM,50+,50-70,0,0.0
9286-BHDQG,50+,30-50,0,0.0
0230-WEQUW,50+,50-70,0,0.0
2040-LDIWQ,50+,70-90,0,0.0
6496-JDSSB,0-10,70-90,0,0.0
9408-SSNVZ,0-10,70-90,0,0.0
4443-EMBNA,50+,10-30,0,0.0
6469-MRVET,0-10,10-30,0,0.0
0742-MOABM,0-10,50-70,0,0.0
5961-VUSRV,10-20,10-30,0,0.0
6778-JFCMK,20-30,50-70,0,0.0
6341-JVQGF,30-40,70-90,0,0.0
2232-DMLXU,0-10,50-70,0,0.0
4811-JBUVU,30-40,70-90,0,0.0
0945-TSONX,40-50,70-90,0,0.0
2651-ZCBXV,50+,90+,0,0.0
3316-UWXUY,50+,90+,0,0.0
8937-RDTHP,0-10,70-90,0,0.0
7083-MIOPC,50+,10-30,0,0.0
1984-GPTEH,20-30,10-30,0,0.0
1251-KRREG,0-10,50-70,0,0.0
0621-JFHOL,10-20,10-30,0,0.0
9903-LYSAB,10-20,70-90,0,0.0
0094-OIFMO,10-20,90+,0,0.0
9227-UAQFT,10-20,10-30,0,0.0
7301-ABVAD,50+,70-90,0,0.0
6614-FHDBO,50+,90+,0,0.0
7576-ASEJU,40-50,70-90,0,0.0
9058-HRZSV,50+,90+,0,0.0
4522-AKYLR,10-20,50-70,0,0.0
0221-WMXNQ,0-10,70-90,1,75.35
0303-UNCIP,40-50,50-70,0,0.0
9947-OTFQU,10-20,70-90,0,0.0
0322-YINQP,0-10,30-50,0,0.0
0959-WHOKV,40-50,90+,0,0.0
4075-JFPGR,50+,90+,0,0.0
4629-NRXKX,0-10,70-90,0,0.0
9514-JDSKI,0-10,30-50,0,0.0
3282-ZISZV,30-40,70-90,0,0.0
3675-YDUPJ,10-20,10-30,0,0.0
4111-BNXIF,50+,50-70,0,0.0
7017-VFHAY,50+,90+,0,0.0
6655-LHBYW,50+,90+,0,0.0
4959-JOSRX,0-10,30-50,0,0.0
5046-NUHWD,20-30,30-50,0,0.0
7273-TEFQD,0-10,30-50,0,0.0
3606-TWKGI,10-20,90+,0,0.0
7529-ZDFXI,50+,70-90,0,0.0
7605-BDWDC,30-40,30-50,0,0.0
1950-KSVVJ,40-50,90+,0,0.0
0123-CRBRT,50+,70-90,0,0.0
6292-TOSSS,50+,10-30,0,0.0
3197-ARFOY,10-20,90+,0,0.0
6323-AYBRX,50+,10-30,0,0.0
7014-ZZXAW,50+,10-30,0,0.0
4385-GZQXV,10-20,90+,0,0.0
7633-MVPUY,50+,50-70,0,0.0
6366-ZGQGL,0-10,10-30,0,0.0
4716-HHKQH,20-30,90+,0,0.0
5940-AHUHD,0-10,70-90,0,0.0
6432-TWQLB,0-10,70-90,0,0.0
4484-GLZOU,50+,90+,0,0.0
3179-GBRWV,20-30,50-70,0,0.0
8645-KWHJO,10-20,50-70,0,0.0
4130-MZLCC,0-10,50-70,0,0.0
0314-TKOSI,0-10,50-70,0,0.0
8229-MYEJZ,10-20,50-70,0,0.0
2080-SRCDE,0-10,10-30,0,0.0
9577-WJVCQ,50+,50-70,0,0.0
9512-UIBFX,10-20,90+,0,0.0
6202-DYYFX,20-30,70-90,0,0.0
3808-HFKDE,20-30,30-50,0,0.0
5583-SXDAG,0-10,70-90,0,0.0
3488-PGMQJ,0-10,70-90,0,0.0
3580-REOAC,10-20,30-50,0,0.0
7534-BFESC,20-30,70-90,0,0.0
3727-OWVYD,30-40,50-70,0,0.0
2294-SALNE,20-30,70-90,0,0.0
4847-TAJYI,0-10,70-90,1,89.35
1563-IWQEX,10-20,10-30,0,0.0
8203-XJZRC,0-10,10-30,0,0.0
6556-DBKZF,50+,70-90,0,0.0
6851-WEFYX,30-40,90+,0,0.0
2985-JUUBZ,40-50,70-90,0,0.0
6390-DSAZX,0-10,70-90,0,0.0
0895-LMRSF,20-30,50-70,0,0.0
8098-LLAZX,0-10,90+,0,0.0
8266-VBFQL,0-10,90+,1,90.4
8181-YHCMF,50+,50-70,0,0.0
2240-HSJQD,30-40,70-90,0,0.0
1248-DYXUB,50+,10-30,0,0.0
0265-EDXBD,30-40,70-90,0,0.0
4115-BNPJY,20-30,70-90,0,0.0
3167-SNQPL,30-40,90+,0,0.0
4091-TVOCN,40-50,70-90,0,0.0
1098-TDVUQ,0-10,10-30,0,0.0
7277-OZCGZ,20-30,70-90,0,0.0
1557-EMYVT,40-50,90+,0,0.0
2799-ARNLO,0-10,50-70,1,69.35
7563-BIUPC,0-10,70-90,0,0.0
5027-YOCXN,50+,90+,0,0.0
3973-SKMLN,50+,10-30,0,0.0
2321-OMBXY,30-40,70-90,0,0.0
2840-XANRC,20-30,90+,0,0.0
6745-JEFZB,30-40,90+,0,0.0
5020-ZSTTY,50+,70-90,0,0.0
9880-TDQAC,50+,50-70,0,0.0
8705-WZCYL,0-10,30-50,0,0.0
7102-JJVTX,0-10,30-50,0,0.0
8626-PTQGE,50+,50-70,0,0.0
4983-CLMLV,50+,90+,0,0.0
5701-YVSVF,10-20,70-90,1,82.9
5804-LEPIM,0-10,70-90,0,0.0
5697-GOMBF,20-30,30-50,0,0.0
2739-CACDQ,10-20,70-90,0,0.0
9385-EHGDO,30-40,10-30,0,0.0
9498-FIMXL,0-10,10-30,0,0.0
2379-GYFLQ,40-50,90+,0,0.0
0122-OAHPZ,0-10,70-90,0,0.0
2868-SNELZ,0-10,70-90,0,0.0
4322-RCYMT,50+,70-90,0,0.0
6680-NENYN,40-50,90+,0,0.0
2088-IEBAU,50+,70-90,0,0.0
7982-VCELR,30-40,90+,0,0.0
1343-EHPYB,50+,90+,0,0.0
6035-BXTTY,30-40,50-70,0,0.0
6885-PKOAM,50+,70-90,0,0.0
7520-HQWJU,50+,50-70,0,0.0
9639-BUJXT,50+,10-30,0,0.0
5924-SNGKP,40-50,10-30,0,0.0
0021-IKXGC,0-10,70-90,1,72.1
2034-GDRCN,0-10,90+,0,0.0
8966-SNIZF,50+,10-30,0,0.0
6243-OZGFH,20-30,30-50,0,0.0
4654-DLAMQ,50+,90+,0,0.0
0513-RBGPE,30-40,50-70,0,0.0
5160-UXJED,10-20,30-50,0,0.0
4115-NZRKS,0-10,70-90,1,89.15
0219-YTZUE,0-10,70-90,0,0.0
0623-IIHUG,20-30,30-50,0,0.0
4572-DVCGN,10-20,70-90,0,0.0
3351-NGXYI,10-20,50-70,0,0.0
8984-EYLLL,50+,90+,0,0.0
9057-MSWCO,20-30,30-50,0,0.0
9833-TGFHX,40-50,90+,0,0.0
9294-TDIPC,0-10,10-30,0,0.0
5229-DTFYB,40-50,90+,0,0.0
0104-PPXDV,50+,50-70,0,0.0
5176-LMJXE,40-50,10-30,0,0.0
3583-KRKMD,10-20,70-90,0,0.0
1010-DIAUQ,0-10,90+,0,0.0
9069-LGEUL,20-30,50-70,0,0.0
7302-ZHMHP,0-10,10-30,0,0.0
9571-EDEBV,50+,90+,0,0.0
3520-FJGCV,50+,90+,0,0.0
6563-VRERX,30-40,10-30,0,0.0
0259-GBZSH,0-10,70-90,0,0.0
6122-EFVKN,20-30,30-50,0,0.0
2805-EDJPQ,50+,90+,0,0.0
6862-CQUMB,30-40,90+,0,0.0
7156-MXBJE,40-50,70-90,0,0.0
6158-HDPXZ,0-10,10-30,0,0.0
9601-BRXPO,20-30,90+,0,0.0
2863-IMQDR,50+,70-90,0,0.0
5686-CMAWK,10-20,70-90,0,0.0
5651-CRHKQ,40-50,70-90,0,0.0
6905-NIQIN,0-10,50-70,0,0.0
8204-YJCLA,50+,50-70,0,0.0
5167-ZFFMM,0-10,90+,0,0.0
6583-SZVGP,40-50,90+,0,0.0
4895-TMWIR,10-20,10-30,0,0.0
0533-BNWKF,50+,70-90,0,0.0
1708-PBBOA,40-50,50-70,0,0.0
8782-LKFPK,40-50,90+,0,0.0
5522-JBWMO,0-10,30-50,0,0.0
3597-MVHJT,20-30,90+,0,0.0
9774-NRNAU,20-30,70-90,0,0.0
0224-RLWWD,0-10,30-50,0,0.0
9967-ATRFS,10-20,10-30,0,0.0
3951-NJCVI,40-50,90+,0,0.0
2977-CEBSX,50+,90+,0,0.0
0177-PXBAT,30-40,90+,0,0.0
6599-CEBNN,30-40,70-90,0,0.0
2519-ERQOJ,30-40,50-70,0,0.0
5876-QMYLD,20-30,10-30,0,0.0
2277-AXSDC,30-40,10-30,0,0.0
9442-JTWDL,10-20,10-30,0,0.0
0979-PHULV,50+,90+,0,0.0
3067-SVMTC,50+,50-70,0,0.0
5495-GPSRW,20-30,10-30,0,0.0
7606-BPHHN,50+,10-30,0,0.0
4742-DRORA,50+,90+,0,0.0
0111-KLBQG,30-40,90+,0,0.0
4800-VHZKI,0-10,10-30,0,0.0
7989-CHGTL,0-10,10-30,0,0.0
0334-GDDSO,0-10,70-90,0,0.0
4163-NCJAK,40-50,10-30,0,0.0
5233-AOZUF,20-30,70-90,0,0.0
5973-EJGDP,50+,70-90,0,0.0
1996-DBMUS,40-50,70-90,0,0.0
7916-VCCPB,10-20,70-90,0,0.0
4686-GEFRM,50+,90+,0,0.0
5249-QYHEX,40-50,10-30,0,0.0
0578-SKVMF,20-30,70-90,0,0.0
5564-NEMQO,0-10,70-90,0,0.0
2233-FAGXV,0-10,10-30,0,0.0
5605-IYGFG,0-10,50-70,0,0.0
7663-ZTEGJ,20-30,90+,0,0.0
3935-TBRZZ,40-50,10-30,0,0.0
8111-BKVDS,10-20,30-50,0,0.0
2055-SIFSS,50+,50-70,0,0.0
2806-MLNTI,50+,90+,0,0.0
8734-DKSTZ,10-20,70-90,1,85.95
4360-PNRQB,10-20,70-90,0,0.0
6152-ONASV,50+,50-70,0,0.0
9063-ZGTUY,50+,10-30,0,0.0
7781-HVGMK,50+,50-70,0,0.0
2181-UAESM,0-10,50-70,0,0.0
2957-LOLHO,10-20,30-50,0,0.0
6048-NJXHX,40-50,10-30,0,0.0
2320-SLKMB,20-30,30-50,0,0.0
4980-URKXC,30-40,10-30,0,0.0
4376-KFVRS,50+,90+,0,0.0
5886-VLQVU,30-40,70-90,0,0.0
3577-AMVUX,0-10,50-70,0,0.0
0771-WLCLA,10-20,90+,0,0.0
5628-RKIFK,40-50,90+,0,0.0
0206-TBWLC,50+,90+,0,0.0
2937-FTHUR,10-20,50-70,0,0.0
1910-FMXJM,30-40,70-90,0,0.0
7752-XUSCI,50+,90+,0,0.0
4110-PFEUZ,0-10,50-70,0,0.0
0732-OCQOC,50+,10-30,0,0.0
5168-MSWXT,0-10,90+,1,94.75
1090-ESELR,50+,90+,0,0.0
8592-PLTMQ,50+,10-30,0,0.0
5760-WRAHC,20-30,50-70,0,0.0
8847-GEOOQ,50+,50-70,0,0.0
0256-LTHVJ,20-30,70-90,0,0.0
4785-FCIFB,50+,10-30,0,0.0
8313-NDOIA,20-30,90+,0,0.0
5149-CUZUJ,20-30,90+,0,0.0
0942-KOWSM,30-40,70-90,0,0.0
4237-CLSMM,0-10,10-30,0,0.0
1452-VOQCH,0-10,70-90,1,75.1
4719-UMSIY,0-10,10-30,0,0.0
6614-VBEGU,20-30,50-70,0,0.0
0880-TKATG,0-10,90+,0,0.0
3811-VBYBZ,0-10,90+,0,0.0
1480-BKXGA,50+,90+,0,0.0
2996-XAUVF,50+,30-50,0,0.0
9076-AXYIK,50+,90+,0,0.0
5968-XQIVE,50+,70-90,0,0.0
8896-RAZCR,40-50,10-30,0,0.0
4640-UHDOS,10-20,50-70,0,0.0
4933-IKULF,10-20,10-30,0,0.0
3583-EKAPL,0-10,50-70,0,0.0
1304-BCCFO,0-10,70-90,0,0.0
4104-PVRPS,20-30,50-70,0,0.0
9399-APLBT,0-10,70-90,0,0.0
2359-KMGLI,20-30,70-90,0,0.0
3780-DDGSE,30-40,70-90,0,0.0
4431-EDMIQ,0-10,70-90,0,0.0
0306-JAELE,0-10,90+,0,0.0
6227-HWPWX,10-20,50-70,0,0.0
0486-LGCCH,10-20,10-30,0,0.0
0447-BEMNG,40-50,30-50,0,0.0
4612-SSVHJ,20-30,70-90,0,0.0
5168-MQQCA,50+,90+,0,0.0
5949-XIKAE,0-10,70-90,0,0.0
7971-HLVXI,50+,70-90,0,0.0
9094-AZPHK,10-20,90+,0,0.0
3649-JPUGY,50+,70-90,0,0.0
4472-LVYGI,0-10,50-70,0,0.0
8372-JUXUI,0-10,70-90,0,0.0
3552-CTCYF,50+,90+,0,0.0
6778-YSNIH,0-10,50-70,0,0.0
0388-EOPEX,0-10,70-90,0,0.0
5756-OZRIO,50+,50-70,0,0.0
6579-JPICP,0-10,10-30,0,0.0
8205-OTCHB,20-30,30-50,0,0.0
4134-BSXLX,20-30,50-70,0,0.0
0505-SPOOW,50+,10-30,0,0.0
6235-VDHOM,0-10,10-30,0,0.0
7783-YKGDV,10-20,90+,0,0.0
4374-YMUSQ,30-40,90+,0,0.0
4513-CXYIX,50+,70-90,0,0.0
3957-HHLMR,50+,50-70,0,0.0
7803-XOCCZ,50+,70-90,0,0.0
5736-YEJAX,50+,70-90,0,0.0
5609-CEBID,20-30,90+,0,0.0
8981-FJGLA,10-20,70-90,0,0.0
7218-HKQFK,0-10,90+,0,0.0
4636-QRJKY,0-10,70-90,0,0.0
1135-LMECX,0-10,10-30,0,0.0
4332-MUOEZ,20-30,90+,0,0.0
8535-SFUTN,50+,90+,0,0.0
5956-VKDTT,0-10,70-90,0,0.0
8677-HDZEE,50+,90+,0,0.0
2475-MROZF,30-40,90+,0,0.0
9412-GHEEC,40-50,90+,0,0.0
3482-ABPKK,20-30,50-70,0,0.0
6705-LXORM,0-10,70-90,1,70.05
0257-ZESQC,20-30,70-90,0,0.0
7531-GQHME,10-20,10-30,0,0.0
5174-ITUMV,50+,90+,0,0.0
4109-CYRBD,20-30,50-70,0,0.0
0913-XWSCN,50+,70-90,0,0.0
6825-UYPFK,20-30,70-90,0,0.0
8397-MVTAZ,30-40,90+,0,0.0
0750-EBAIU,50+,90+,0,0.0
8606-CIQUL,50+,90+,0,0.0
3571-DPYUH,50+,90+,0,0.0
7601-GNDYK,30-40,10-30,0,0.0
0356-OBMAC,50+,90+,0,0.0
8067-NIOYM,20-30,10-30,0,0.0
1403-GYAFU,50+,10-30,0,0.0
4234-XTNEA,0-10,70-90,1,79.95
1297-VQDRP,50+,90+,0,0.0
9282-IZGQK,0-10,70-90,0,0.0
5348-CAGXB,10-20,70-90,1,89.55
0621-HJWXJ,50+,70-90,0,0.0
5844-QVTAT,30-40,50-70,0,0.0
8905-IAZPF,50+,90+,0,0.0
5394-MEITZ,50+,70-90,0,0.0
6859-QNXIQ,50+,90+,0,0.0
2782-LFZVW,10-20,50-70,0,0.0
2866-IKBTM,0-10,10-30,0,0.0
1342-JPNKI,10-20,70-90,0,0.0
2817-NTQDO,10-20,30-50,0,0.0
7129-AZJDE,30-40,70-90,0,0.0
6986-IJDHX,30-40,70-90,0,0.0
2560-PPCHE,50+,90+,0,0.0
4676-MQUEA,50+,90+,0,0.0
8138-EALND,10-20,10-30,0,0.0
3580-HYCSP,50+,90+,0,0.0
1352-HNSAW,50+,90+,0,0.0
2075-PUEPR,50+,10-30,0,0.0
1982-FEBTD,20-30,10-30,0,0.0
5301-GAUUY,30-40,70-90,0,0.0
5791-KAJFD,50+,50-70,0,0.0
2654-VBVPB,0-10,10-30,0,0.0
1154-HYWWO,30-40,70-90,0,0.0
2501-XWWTZ,10-20,70-90,1,70.2
3716-UVSPD,0-10,30-50,0,0.0
6815-ABQFQ,50+,90+,0,0.0
7343-EOBEU,0-10,10-30,0,0.0
3701-SFMUH,0-10,50-70,0,0.0
6103-LIANB,50+,90+,0,0.0
7319-VENRZ,0-10,50-70,0,0.0
5846-NEQVZ,50+,70-90,0,0.0
6967-QIQRV,10-20,90+,0,0.0
5781-RFZRP,50+,70-90,0,0.0
0939-YAPAF,30-40,90+,0,0.0
0308-IVGOK,10-20,30-50,0,0.0
7293-LSCDV,50+,10-30,0,0.0
7025-WCBNE,40-50,50-70,0,0.0
5756-JYOJT,10-20,50-70,0,0.0
4710-FDUIZ,50+,90+,0,0.0
6030-REHUX,20-30,90+,0,0.0
9548-LIGTA,50+,70-90,0,0.0
5150-LJNSR,30-40,90+,0,0.0
8270-RKSAP,0-10,70-90,1,70.5
6522-YRBXD,30-40,90+,0,0.0
2640-LYMOV,0-10,10-30,0,0.0
1218-VKFPE,10-20,10-30,0,0.0
3627-FHKBK,0-10,70-90,0,0.0
2865-TCHJW,0-10,70-90,0,0.0
1423-BMPBQ,0-10,10-30,0,0.0
2393-DIVAI,0-10,10-30,0,0.0
5192-EBGOV,0-10,70-90,0,0.0
4568-KNYWR,50+,50-70,0,0.0
8752-IMQOS,0-10,10-30,0,0.0
0742-LAFQK,50+,90+,0,0.0
0795-LAFGP,50+,90+,0,0.0
0619-OLYUR,50+,90+,0,0.0
5512-IDZEI,40-50,10-30,0,0.0
0459-SPZHJ,50+,70-90,0,0.0
0215-BQKGS,30-40,70-90,0,0.0
9244-ZVAPM,0-10,30-50,0,0.0
0719-SYFRB,10-20,50-70,0,0.0
8208-EUMTE,10-20,50-70,0,0.0
5172-MIGPM,0-10,50-70,0,0.0
1710-RCXUS,50+,90+,0,0.0
0374-FIUCA,50+,10-30,0,0.0
5839-SUYVZ,10-20,70-90,0,0.0
5173-ZXXXL,0-10,10-30,0,0.0
1096-ADRUX,50+,70-90,0,0.0
2001-MCUUW,40-50,90+,0,0.0
2731-GJRDG,30-40,90+,0,0.0
4723-BEGSG,50+,70-90,0,0.0
6516-NKQBO,30-40,70-90,0,0.0
8672-OAUPW,50+,30-50,0,0.0
8207-DMRVL,50+,90+,0,0.0
3419-SNJJD,50+,90+,0,0.0
6543-CPZMK,0-10,10-30,0,0.0
4765-OXPPD,0-10,50-70,0,0.0
2804-ETQDK,50+,10-30,0,0.0
6689-VRRTK,40-50,90+,0,0.0
7138-GIRSH,50+,50-70,0,0.0
9396-ZSFLL,10-20,30-50,0,0.0
6464-KEXXH,0-10,10-30,0,0.0
7134-MJPDY,50+,90+,0,0.0
5240-CAOYT,50+,70-90,0,0.0
4059-IIEBK,0-10,70-90,0,0.0
4881-JVQOD,10-20,30-50,0,0.0
0516-UXRMT,50+,90+,0,0.0
4851-BQDNX,40-50,70-90,0,0.0
5148-HKFIR,20-30,10-30,0,0.0
1009-IRMNA,0-10,10-30,0,0.0
3003-CMDUU,20-30,90+,0,0.0
5016-IBERQ,20-30,70-90,0,0.0
6797-UCJHZ,50+,90+,0,0.0
2469-DTSGX,50+,90+,0,0.0
4554-YGZIH,40-50,90+,0,0.0
5099-BAILX,40-50,90+,0,0.0
9931-KGHOA,40-50,50-70,0,0.0
1775-KWJKQ,50+,70-90,0,0.0
7665-VIGUD,10-20,10-30,0,0.0
9411-TPQQV,40-50,50-70,0,0.0
7207-RMRDB,50+,90+,0,0.0
7954-MLBUN,30-40,90+,0,0.0
2077-DDHJK,50+,70-90,0,0.0
4913-EHYUI,50+,90+,0,0.0
0195-IESCP,10-20,70-90,0,0.0
9574-BOSMD,50+,10-30,0,0.0
4580-TMHJU,40-50,50-70,0,0.0
0970-ETWGE,0-10,70-90,0,0.0
4908-XAXAY,40-50,70-90,0,0.0
8404-VLQFB,10-20,10-30,0,0.0
1626-ERCMM,20-30,90+,0,0.0
0887-HJGAR,0-10,30-50,0,0.0
2391-IPLOP,50+,50-70,0,0.0
5644-PDMZC,0-10,70-90,0,0.0
3509-GWQGF,20-30,70-90,0,0.0
9576-ANLXO,0-10,50-70,0,0.0
2024-BASKD,0-10,70-90,0,0.0
5845-BZZIB,30-40,10-30,0,0.0
1140-UKVZG,10-20,10-30,0,0.0
4160-AMJTL,0-10,10-30,0,0.0
5183-SNMJQ,10-20,90+,0,0.0
8100-PNJMH,50+,70-90,0,0.0
7838-LAZFO,40-50,70-90,0,0.0
4464-JCOLN,0-10,10-30,0,0.0
2085-JVGAD,30-40,10-30,0,0.0
5650-VDUDS,0-10,10-30,0,0.0
8095-WANWK,10-20,30-50,0,0.0
3030-ZKIWL,0-10,10-30,0,0.0
9565-FLVCG,50+,50-70,0,0.0
8755-OGKNA,50+,10-30,0,0.0
2800-VEQXM,0-10,70-90,0,0.0
7538-GWHML,0-10,50-70,0,0.0
5533-RJFTJ,40-50,30-50,0,0.0
3859-CVCET,0-10,30-50,0,0.0
0214-JHPFW,50+,50-70,0,0.0
5642-MHDQT,50+,10-30,0,0.0
3088-FVYWK,50+,10-30,0,0.0
3276-HDUEG,0-10,70-90,0,0.0
9092-GDZKO,20-30,10-30,0,0.0
0823-HSCDJ,50+,30-50,0,0.0
3729-OWRVL,50+,90+,0,0.0
2324-AALNO,40-50,10-30,0,0.0
0822-GAVAP,0-10,30-50,0,0.0
5760-IFJOZ,0-10,90+,0,0.0
2826-UWHIS,40-50,70-90,0,0.0
1448-PWKYE,0-10,70-90,0,0.0
7501-IWUNG,50+,70-90,0,0.0
4957-TREIR,0-10,50-70,0,0.0
7251-LJBQN,40-50,90+,0,0.0
8040-MNRTF,0-10,70-90,0,0.0
1536-HBSWP,0-10,30-50,0,0.0
5313-FPXWG,50+,10-30,0,0.0
0067-DKWBL,0-10,30-50,0,0.0
0946-FKYTX,50+,30-50,0,0.0
5076-YVXCM,50+,70-90,0,0.0
8262-COGGB,0-10,10-30,0,0.0
6663-JOCQO,30-40,70-90,0,0.0
9620-QJREV,40-50,10-30,0,0.0
2276-YDAVZ,0-10,70-90,0,0.0
2682-KEVRP,20-30,10-30,0,0.0
2480-JZOSN,0-10,10-30,0,0.0
0078-XZMHT,50+,70-90,0,0.0
5896-NPFWW,0-10,50-70,0,0.0
9978-HYCIN,40-50,70-90,0,0.0
8338-QIUNR,50+,50-70,0,0.0
1525-LNLOJ,50+,50-70,0,0.0
9450-TRJUU,30-40,70-90,0,0.0
1766-GKNMI,20-30,70-90,0,0.0
6942-LBFDP,0-10,10-30,0,0.0
1456-TWCGB,0-10,30-50,0,0.0
7133-VBDCG,20-30,70-90,0,0.0
7596-ZYWBB,50+,50-70,0,0.0
8329-UTMVM,20-30,90+,0,0.0
3014-WJKSM,20-30,70-90,0,0.0
3347-YJZZE,20-30,70-90,0,0.0
1029-QFBEN,0-10,10-30,0,0.0
7929-DMBCV,20-30,70-90,0,0.0
9661-JALZV,50+,10-30,0,0.0
5433-KYGHE,10-20,70-90,0,0.0
4312-KFRXN,50+,10-30,0,0.0
5575-TPIZQ,40-50,70-90,0,0.0
0114-IGABW,50+,50-70,0,0.0
9944-AEXBM,30-40,70-90,0,0.0
1853-ARAAQ,20-30,50-70,0,0.0
6952-OMNWB,50+,70-90,0,0.0
4697-LUPSU,0-10,10-30,0,0.0
8434-VGEQQ,50+,10-30,0,0.0
4952-YSOGZ,0-10,70-90,0,0.0
1589-AGTLK,0-10,30-50,0,0.0
5244-IRFIH,30-40,90+,0,0.0
6549-YMFAW,0-10,10-30,0,0.0
4950-HKQTE,20-30,10-30,0,0.0
6786-OBWQR,0-10,70-90,1,80.85
2684-EIWEO,30-40,90+,0,0.0
2753-JMMCV,50+,70-90,0,0.0
6439-GTPCA,40-50,70-90,0,0.0
6621-YOBKI,0-10,10-30,0,0.0
1216-JWVUX,20-30,70-90,0,0.0
7564-GHCVB,50+,70-90,0,0.0
1173-NOEYG,20-30,90+,0,0.0
7595-EHCDL,30-40,50-70,0,0.0
6647-ZEDXT,30-40,90+,0,0.0
2521-NPUZR,50+,90+,0,0.0
1307-TVUFB,40-50,70-90,0,0.0
7503-MIOGA,50+,70-90,0,0.0
4381-MHQDC,40-50,50-70,0,0.0
6923-JHPMP,0-10,70-90,1,80.45
5138-WVKYJ,10-20,90+,0,0.0
4018-PPNDW,50+,10-30,0,0.0
1635-FJFCC,0-10,30-50,0,0.0
2499-AJYUA,50+,90+,0,0.0
6919-ELBGL,50+,90+,0,0.0
3966-HRMZA,0-10,70-90,0,0.0
6425-JWTDV,40-50,10-30,0,0.0
8405-IGQFX,50+,90+,0,0.0
8224-IVVPA,20-30,50-70,0,0.0
9477-LGWQI,50+,70-90,0,0.0
1410-RSCMR,0-10,70-90,0,0.0
3115-CZMZD,0-10,10-30,0,0.0
0139-IVFJG,0-10,90+,1,90.35
6683-VLCTZ,20-30,90+,0,0.0
5730-DBDSI,50+,10-30,0,0.0
0030-FNXPP,0-10,10-30,0,0.0
2189-WWOEW,10-20,70-90,0,0.0
5684-FJVYR,50+,90+,0,0.0
4013-GUXND,0-10,10-30,0,0.0
1894-IGFSG,20-30,70-90,0,0.0
7379-POKDZ,0-10,70-90,0,0.0
1266-NZYUI,50+,50-70,0,0.0
7969-FFOWG,50+,10-30,0,0.0
4718-DHSMV,10-20,30-50,0,0.0
5175-WLYXL,20-30,70-90,0,0.0
7817-OMJNA,10-20,10-30,0,0.0
8728-SKJLR,40-50,70-90,0,0.0
3137-NYQQI,10-20,50-70,0,0.0
7706-DZNKK,10-20,10-30,0,0.0
0236-HFWSV,10-20,90+,0,0.0
3900-AQPHZ,0-10,10-30,0,0.0
5842-POCOP,0-10,70-90,0,0.0
2037-XJFUP,30-40,90+,0,0.0
8823-RLPWL,50+,90+,0,0.0
9505-SQFSW,0-10,30-50,0,0.0
7314-OXENN,0-10,70-90,0,0.0
3758-CKOQL,50+,90+,0,0.0
0322-CHQRU,0-10,30-50,0,0.0
5676-CFLYY,50+,70-90,0,0.0
7521-AFHAB,0-10,30-50,0,0.0
0285-INHLN,20-30,50-70,0,0.0
4678-DVQEO,0-10,50-70,0,0.0
5125-CNDSP,50+,30-50,0,0.0
0691-IFBQW,40-50,90+,0,0.0
4992-LTJNE,50+,50-70,0,0.0
2202-OUTMO,30-40,50-70,0,0.0
0810-BDHAW,20-30,70-90,0,0.0
0229-LFJAF,50+,50-70,0,0.0
7131-ZQZNK,50+,50-70,0,0.0
3442-ZHHCC,50+,70-90,0,0.0
5726-CVNYA,0-10,10-30,0,0.0
9871-ELEYA,30-40,50-70,0,0.0
4257-GAESD,0-10,30-50,0,0.0
5173-WXOQV,0-10,50-70,0,0.0
2040-OBMLJ,30-40,70-90,0,0.0
6286-ZHAOK,20-30,10-30,0,0.0
3807-XHCJH,0-10,10-30,0,0.0
3009-JWMPU,50+,90+,0,0.0
5671-RQRLP,50+,70-90,0,0.0
1450-GALXR,10-20,90+,0,0.0
8859-AXJZP,30-40,10-30,0,0.0
3174-AKMAS,40-50,50-70,0,0.0
3138-BKYAV,0-10,70-90,0,0.0
9926-PJHDQ,50+,70-90,0,0.0
7382-DFJTU,10-20,50-70,0,0.0
2798-NYLMZ,50+,90+,0,0.0
4289-DTDKW,40-50,90+,0,0.0
1820-TQVEV,0-10,50-70,0,0.0
2239-JALAW,50+,90+,0,0.0
4853-RULSV,50+,90+,0,0.0
8098-TDCBU,40-50,10-30,0,0.0
3551-GAEGL,30-40,30-50,0,0.0
4785-NKHCX,0-10,10-30,0,0.0
3196-NVXLZ,20-30,70-90,0,0.0
6275-YDUVO,0-10,70-90,0,0.0
0036-IHMOT,50+,90+,0,0.0
0115-TFERT,20-30,90+,0,0.0
4178-EGMON,50+,70-90,0,0.0
4220-TINQT,50+,90+,0,0.0
5318-YKDPV,40-50,70-90,0,0.0
7975-TZMLR,40-50,90+,0,0.0
0295-QVKPB,0-10,50-70,0,0.0
4335-BSMJS,50+,10-30,0,0.0
2311-QYMUQ,10-20,70-90,0,0.0
3643-AHCFP,0-10,90+,0,0.0
9146-JRIOX,10-20,10-30,0,0.0
3104-OWCGK,50+,90+,0,0.0
5337-IIWKZ,30-40,30-50,0,0.0
9101-BWFSS,50+,90+,0,0.0
9650-VBUOG,30-40,10-30,0,0.0
3487-EARAT,50+,70-90,0,0.0
2672-TGEFF,30-40,70-90,0,0.0
9231-ZJYAM,0-10,70-90,0,0.0
4250-WAROZ,50+,90+,0,0.0
8184-WMOFI,50+,70-90,0,0.0
6982-SSHFK,0-10,30-50,0,0.0
6092-QZVPP,30-40,70-90,0,0.0
4625-LAMOB,40-50,10-30,0,0.0
0727-BMPLR,50+,90+,0,0.0
0392-BZIUW,50+,90+,0,0.0
1038-ZAGBI,10-20,10-30,0,0.0
6549-NNDYT,10-20,30-50,0,0.0
3027-ZTDHO,0-10,70-90,0,0.0
0422-OHQHQ,10-20,10-30,0,0.0
6916-HIJSE,50+,70-90,0,0.0
2316-ESMLS,10-20,30-50,0,0.0
9778-OGKQZ,50+,90+,0,0.0
7408-OFWXJ,50+,70-90,0,0.0
6007-TCTST,50+,90+,0,0.0
2252-NKNSI,50+,70-90,0,0.0
8713-IGZSO,0-10,10-30,0,0.0
7905-TVXTA,0-10,50-70,0,0.0
7695-PKLCZ,50+,10-30,0,0.0
2382-BCKQJ,50+,90+,0,0.0
8374-UULRV,50+,70-90,0,0.0
2207-NHRJK,0-10,50-70,0,0.0
3224-DFQNQ,50+,70-90,0,0.0
5275-PMFUT,50+,50-70,0,0.0
4795-UXVCJ,20-30,10-30,0,0.0
9777-IQHWP,50+,90+,0,0.0
0947-MUGVO,20-30,70-90,0,0.0
9944-HKVVB,0-10,90+,0,0.0
4124-MMETB,20-30,90+,0,0.0
3671-SHRSP,0-10,70-90,0,0.0
0979-MOZQI,50+,30-50,0,0.0
2732-ISEZX,0-10,10-30,0,0.0
3313-QKNKB,50+,70-90,0,0.0
0323-XWWTN,0-10,10-30,0,0.0
1937-OTUKY,50+,90+,0,0.0
1573-LGXBA,50+,90+,0,0.0
1764-VUUMT,50+,10-30,0,0.0
5073-WXOYN,50+,50-70,0,0.0
4713-ZBURT,40-50,90+,0,0.0
3050-GBUSH,0-10,30-50,0,0.0
0207-MDKNV,10-20,90+,0,0.0
7876-AEHIG,50+,50-70,0,0.0
7945-HLKEA,50+,50-70,0,0.0
9342-VNIMQ,30-40,50-70,0,0.0
9851-KIELU,10-20,90+,0,0.0
3523-BRGUW,20-30,10-30,0,0.0
3908-BLSYF,0-10,70-90,0,0.0
3199-NPKCN,50+,90+,0,0.0
5170-PTRKA,40-50,30-50,0,0.0
4661-NJEUX,0-10,10-30,0,0.0
2123-AGEEN,0-10,70-90,1,84.35
1258-YMZNM,20-30,90+,0,0.0
0048-LUMLS,30-40,90+,0,0.0
7549-MYGPK,50+,90+,0,0.0
5898-IGSLP,30-40,70-90,0,0.0
3804-RVTGV,50+,90+,0,0.0
6259-WJQLC,30-40,70-90,0,0.0
9227-LUNBG,0-10,10-30,0,0.0
7997-EASSD,50+,70-90,0,0.0
0730-KOAVE,30-40,90+,0,0.0
8975-SKGRX,50+,90+,0,0.0
0678-RLHVP,50+,90+,0,0.0
4315-MURBD,10-20,90+,0,0.0
2267-FPIMA,50+,90+,0,0.0
1051-GEJLJ,0-10,10-30,0,0.0
9734-YWGEX,0-10,90+,0,0.0
2719-BDAQO,10-20,90+,0,0.0
5285-MVEHD,50+,90+,0,0.0
0379-DJQHR,50+,70-90,0,0.0
0781-LKXBR,0-10,90+,0,0.0
5543-QDCRY,0-10,50-70,0,0.0
0297-RBCSG,10-20,50-70,0,0.0
4694-PHWFW,0-10,10-30,0,0.0
0835-JKADZ,50+,90+,0,0.0
1907-UBQFC,10-20,70-90,0,0.0
7508-SMHXL,10-20,70-90,0,0.0
3865-YIOTT,50+,90+,0,0.0
5993-BQHEA,10-20,10-30,0,0.0
6024-RUGGH,50+,10-30,0,0.0
6513-EECDB,0-10,70-90,0,0.0
3956-CJUST,20-30,70-90,0,0.0
4079-WWQQQ,50+,50-70,0,0.0
6103-BOCOU,20-30,70-90,0,0.0
5149-TGWDZ,20-30,90+,0,0.0
7471-WNSUF,50+,10-30,0,0.0
8942-DBMHZ,10-20,10-30,0,0.0
4301-VVZKA,10-20,70-90,0,0.0
9199-PWQVC,50+,70-90,0,0.0
4824-GUCBY,20-30,70-90,0,0.0
5393-HJZSM,30-40,70-90,0,0.0
7074-IEVOJ,0-10,70-90,0,0.0
9625-QSTYE,10-20,70-90,0,0.0
0862-PRCBS,50+,90+,0,0.0
8812-ZRHFP,30-40,70-90,0,0.0
5146-CBVOE,10-20,70-90,0,0.0
0454-OKRCT,30-40,70-90,0,0.0
5787-KXGIY,50+,10-30,0,0.0
4750-ZRXIU,0-10,70-90,0,0.0
4198-VFOEA,10-20,30-50,0,0.0
6630-UJZMY,0-10,70-90,1,83.25
5709-LVOEQ,0-10,70-90,0,0.0
6400-BWQKW,0-10,70-90,0,0.0
2692-AQCPF,50+,90+,0,0.0
0347-UBKUZ,10-20,10-30,0,0.0
0835-DUUIQ,20-30,10-30,0,0.0
0811-GSDTP,10-20,30-50,0,0.0
7567-ECMCM,20-30,70-90,0,0.0
6115-ZTBFQ,50+,50-70,0,0.0
6353-BRMMA,50+,90+,0,0.0
6680-WKXRZ,0-10,70-90,0,0.0
6231-WFGFH,0-10,10-30,0,0.0
9904-EHEVJ,30-40,90+,0,0.0
7028-DVOIQ,30-40,90+,0,0.0
6169-PPETC,30-40,10-30,0,0.0
4208-UFFGW,0-10,30-50,0,0.0
8584-KMVXD,0-10,70-90,1,75.6
8467-WYNSR,20-30,50-70,0,0.0
0851-DFJKB,10-20,50-70,0,0.0
5382-SOYZL,20-30,90+,0,0.0
9448-REEVD,0-10,30-50,0,0.0
3261-CQXOL,50+,10-30,0,0.0
8388-FYNPZ,0-10,50-70,0,0.0
4002-BQWPQ,20-30,70-90,0,0.0
5651-YLPRD,30-40,70-90,0,0.0
2826-DXLQO,0-10,10-30,0,0.0
4378-BZYFP,10-20,10-30,0,0.0
9489-UTFKA,0-10,50-70,0,0.0
4849-PYRLQ,50+,70-90,0,0.0
9117-SHLZX,0-10,30-50,0,0.0
9889-TMAHG,0-10,90+,0,0.0
4541-RMRLG,0-10,10-30,0,0.0
7764-BDPEE,0-10,10-30,0,0.0
3429-IFLEM,50+,70-90,0,0.0
3158-MOERK,0-10,90+,0,0.0
7294-TMAOP,0-10,90+,0,0.0
5002-GCQFH,40-50,90+,0,0.0
0556-FJEGU,50+,70-90,0,0.0
8919-FYFQZ,40-50,30-50,0,0.0
0604-THJFP,50+,70-90,0,0.0
2834-JRTUA,50+,90+,0,0.0
5875-YPQFJ,0-10,50-70,0,0.0
5879-SESNB,10-20,70-90,1,75.25
6646-QVXLR,50+,90+,0,0.0
6461-PPAXN,30-40,50-70,0,0.0
3318-ISQFQ,20-30,10-30,0,0.0
1106-HRLKZ,40-50,10-30,0,0.0
2483-XSSMZ,30-40,30-50,0,0.0
8603-IJWDN,0-10,70-90,0,0.0
8165-ZJRNM,50+,10-30,0,0.0
9369-XFEHK,30-40,70-90,0,0.0
2604-XVDAM,10-20,30-50,0,0.0
3717-OFRTN,0-10,10-30,0,0.0
9046-JBFWA,20-30,10-30,0,0.0
3280-NMUVX,30-40,10-30,0,0.0
1206-EHBDD,50+,70-90,0,0.0
8361-LBRDI,50+,10-30,0,0.0
4883-KCPZJ,20-30,10-30,0,0.0
9108-EQPNQ,10-20,10-30,0,0.0
7277-KAMWT,10-20,10-30,0,0.0
3842-IYKUE,30-40,70-90,0,0.0
6641-XRPSU,30-40,70-90,0,0.0
1374-DMZUI,0-10,90+,0,0.0
2545-LXYVJ,50+,10-30,0,0.0
3234-VKACU,0-10,70-90,0,0.0
8357-EQXFO,0-10,90+,0,0.0
1989-PRJHP,20-30,70-90,0,0.0
8120-JDCAM,0-10,50-70,0,0.0
8917-FAEMR,30-40,10-30,0,0.0
7047-YXDMZ,20-30,10-30,0,0.0
2858-EIMXH,50+,90+,0,0.0
9524-EGPJC,10-20,90+,0,0.0
6993-OHLXR,0-10,50-70,0,0.0
8818-XYFCQ,30-40,90+,0,0.0
6419-ZTTLE,20-30,10-30,0,0.0
0929-HYQEW,0-10,50-70,0,0.0
6614-YOLAC,50+,50-70,0,0.0
7426-RHZGU,0-10,90+,0,0.0
4065-JJAVA,0-10,30-50,0,0.0
4695-VADHF,10-20,50-70,0,0.0
3863-IUBJR,10-20,50-70,0,0.0
7649-SIJJF,50+,70-90,0,0.0
9361-YNQWJ,50+,10-30,0,0.0
3748-FVMZZ,0-10,30-50,0,0.0
9391-TTOYH,20-30,10-30,0,0.0
1452-XRSJV,30-40,50-70,0,0.0
3422-WJOYD,20-30,50-70,0,0.0
8242-SOQUO,0-10,70-90,1,84.7
7460-ITWWP,40-50,70-90,0,0.0
7147-AYBAA,30-40,70-90,0,0.0
7868-TMWMZ,50+,90+,0,0.0
4822-RVYBB,0-10,90+,0,0.0
6732-FZUGP,40-50,90+,0,0.0
8436-BJUMM,20-30,70-90,0,0.0
4184-TJFAN,0-10,70-90,0,0.0
8329-GWVPJ,50+,50-70,0,0.0
1352-VHKAJ,20-30,70-90,0,0.0
4145-UQXUQ,0-10,90+,0,0.0
2632-TACXW,50+,10-30,0,0.0
8146-QQKZH,50+,70-90,0,0.0
1767-CJKBA,50+,10-30,0,0.0
6445-TNRXS,50+,90+,0,0.0
4581-LNWUM,10-20,30-50,0,0.0
4869-EPIUS,50+,70-90,0,0.0
9948-YPTDG,30-40,70-90,0,0.0
1236-WFCDV,10-20,90+,0,0.0
1915-OAKWD,10-20,10-30,0,0.0
7296-PIXQY,10-20,70-90,0,0.0
4883-QICIH,30-40,50-70,0,0.0
3354-OADJP,0-10,50-70,0,0.0
3524-WQDSG,40-50,90+,0,0.0
0810-DHDBD,50+,70-90,0,0.0
4026-SKKHW,0-10,50-70,0,0.0
2829-HYVZP,20-30,10-30,0,0.0
8329-IBCTI,0-10,10-30,0,0.0
1271-SJBGZ,10-20,30-50,0,0.0
3845-JHAMY,10-20,30-50,0,0.0
7013-PSXHK,40-50,70-90,0,0.0
5669-SRAIP,0-10,30-50,0,0.0
5981-ITEMU,40-50,90+,0,0.0
3486-NPGST,30-40,10-30,0,0.0
6941-PMGEP,0-10,70-90,0,0.0
1624-WOIWJ,10-20,70-90,0,0.0
2074-GKOWZ,0-10,70-90,0,0.0
0376-YMCJC,20-30,90+,0,0.0
6100-FJZDG,20-30,10-30,0,0.0
4829-ZLJTK,50+,90+,0,0.0
1730-VFMWO,30-40,50-70,0,0.0
7143-BQIBA,10-20,50-70,0,0.0
3800-LYTRK,10-20,50-70,0,0.0
0634-SZPQA,20-30,90+,0,0.0
9646-NMHXE,40-50,10-30,0,0.0
7030-NJVDP,20-30,70-90,0,0.0
5536-RTPWK,40-50,90+,0,0.0
8883-GRDWQ,20-30,50-70,0,0.0
6166-ILMNY,0-10,50-70,0,0.0
3097-NNSPB,0-10,30-50,0,0.0
7771-ZONAT,20-30,50-70,0,0.0
0655-RBDUG,0-10,90+,0,0.0
2111-DWYHN,0-10,10-30,0,0.0
4194-WHFCB,50+,90+,0,0.0
4121-AGSIN,50+,10-30,0,0.0
4361-BKAXE,40-50,90+,0,0.0
9845-PEEKO,50+,70-90,0,0.0
0455-XFASS,0-10,50-70,1,69.55
0301-KOBTQ,30-40,10-30,0,0.0
1751-NCDLI,40-50,90+,0,0.0
4367-NUYAO,0-10,10-30,0,0.0
9878-TNQGW,0-10,70-90,0,0.0
9170-ARBTB,50+,10-30,0,0.0
4441-NIHPT,10-20,70-90,0,0.0
8999-BOHSE,10-20,70-90,0,0.0
7241-AJHFS,30-40,70-90,0,0.0
7029-RPUAV,10-20,90+,0,0.0
4546-FOKWR,10-20,70-90,0,0.0
9036-CSKBW,50+,90+,0,0.0
5832-TRLPB,20-30,70-90,0,0.0
8590-YFFQO,50+,50-70,0,0.0
8659-IOOPU,50+,90+,0,0.0
1338-CECEE,40-50,50-70,0,0.0
7439-DKZTW,0-10,70-90,1,80.55
4646-QZXTF,0-10,70-90,0,0.0
4607-CHPCA,20-30,90+,0,0.0
9742-XOKTS,50+,70-90,0,0.0
6921-OZMFH,0-10,50-70,0,0.0
9578-FOMUK,10-20,10-30,0,0.0
4712-UYOOI,20-30,10-30,0,0.0
8824-RWFXJ,0-10,50-70,0,0.0
7722-CVFXN,50+,90+,0,0.0
8717-VCTXJ,40-50,10-30,0,0.0
7363-QTBIW,0-10,70-90,1,79.75
4159-NAAIX,50+,90+,0,0.0
0971-QIFJK,50+,10-30,0,0.0
9397-TZSHA,50+,10-30,0,0.0
3391-JSQEW,40-50,50-70,0,0.0
0343-QLUZP,50+,30-50,0,0.0
9763-PDTKK,0-10,90+,0,0.0
2176-LVPNX,50+,70-90,0,0.0
7627-JKIAZ,30-40,70-90,0,0.0
3312-UUMZW,30-40,90+,0,0.0
1271-UODNO,30-40,50-70,0,0.0
8461-EFQYM,30-40,10-30,0,0.0
6900-RBKER,50+,70-90,0,0.0
6891-JPYFF,40-50,90+,0,0.0
1459-QNFQT,50+,50-70,0,0.0
1047-NNCBF,20-30,70-90,0,0.0
3696-XRIEN,50+,70-90,0,0.0
4081-DYXAV,10-20,30-50,0,0.0
0074-HDKDG,20-30,50-70,0,0.0
8791-GFXLZ,10-20,30-50,0,0.0
8111-SLLHI,30-40,90+,0,0.0
0927-LCSMG,0-10,70-90,0,0.0
9330-DHBFL,20-30,50-70,0,0.0
0098-BOWSO,20-30,10-30,0,0.0
3452-ABWRL,40-50,70-90,0,0.0
5859-HZYLF,20-30,10-30,0,0.0
8257-RZAHR,10-20,50-70,0,0.0
5293-WXJAK,10-20,90+,0,0.0
3156-QLHBO,0-10,10-30,0,0.0
2208-NQBCT,20-30,70-90,0,0.0
1779-PWPMG,50+,90+,0,0.0
6621-NRZAK,50+,10-30,0,0.0
0831-JNISG,50+,10-30,0,0.0
0774-IFUVM,10-20,50-70,0,0.0
3082-WQRVY,10-20,10-30,0,0.0
9553-DLCLU,10-20,70-90,0,0.0
1641-BYBTK,0-10,10-30,0,0.0
2460-NGXBJ,10-20,70-90,0,0.0
2446-ZKVAF,10-20,50-70,0,0.0
0841-NULXI,0-10,30-50,0,0.0
3522-CDKHF,30-40,70-90,0,0.0
1430-SFQSA,20-30,30-50,0,0.0
0411-EZJZE,0-10,50-70,0,0.0
7851-WZEKY,0-10,90+,0,0.0
8844-TONUD,10-20,90+,0,0.0
8807-ARQET,40-50,30-50,0,0.0
8992-CEUEN,0-10,10-30,0,0.0
4320-QMLLA,0-10,50-70,0,0.0
8777-PVYGU,50+,50-70,0,0.0
8292-ITGYJ,40-50,10-30,0,0.0
6870-ZWMNX,50+,70-90,0,0.0
0621-CXBKL,50+,10-30,0,0.0
5268-DSMNQ,50+,90+,0,0.0
5334-JLAXU,50+,90+,0,0.0
4086-YQSNZ,0-10,70-90,0,0.0
6242-MBHPK,20-30,90+,0,0.0
5868-CZJDR,0-10,30-50,0,0.0
9359-UGBTK,50+,70-90,0,0.0
0135-NMXAP,10-20,70-90,0,0.0
4782-OSFXZ,50+,70-90,0,0.0
6479-OAUSD,20-30,10-30,0,0.0
7129-ACFOG,0-10,50-70,0,0.0
4189-NAKJS,20-30,50-70,0,0.0
5562-BETPV,0-10,10-30,0,0.0
1282-IHQAC,50+,30-50,0,0.0
9127-FHJBZ,50+,90+,0,0.0
6270-OMFIW,50+,90+,0,0.0
1641-RQDAY,30-40,90+,0,0.0
0107-WESLM,0-10,10-30,0,0.0
6994-ORCWG,10-20,50-70,0,0.0
1346-UFHAX,10-20,70-90,0,0.0
3992-YWPKO,0-10,90+,0,0.0
2933-XEUJM,40-50,70-90,0,0.0
0125-LZQXK,10-20,90+,0,0.0
5461-QKNTN,40-50,90+,0,0.0
4835-YSJMR,30-40,30-50,0,0.0
8399-YNDCH,20-30,50-70,0,0.0
3164-YAXFY,50+,50-70,0,0.0
0887-WBJVH,50+,90+,0,0.0
4660-IRIBM,10-20,70-90,0,0.0
5673-FSSMF,0-10,50-70,0,0.0
7670-ZBPOQ,50+,50-70,0,0.0
8089-UZWLX,50+,90+,0,0.0
0080-OROZO,30-40,90+,0,0.0
3916-NRPAP,0-10,70-90,0,0.0
6807-SIWJI,30-40,90+,0,0.0
8221-HVAYI,30-40,50-70,0,0.0
1579-KLYDT,0-10,90+,0,0.0
5232-NXPAY,40-50,70-90,0,0.0
8967-SZQAS,10-20,50-70,0,0.0
4468-KAZHE,20-30,50-70,0,0.0
0455-ENTCR,50+,70-90,0,0.0
8944-AILEF,10-20,10-30,0,0.0
5542-NKVRU,40-50,10-30,0,0.0
7126-RBHSD,10-20,70-90,0,0.0
5370-IIVVL,30-40,90+,0,0.0
6789-HJBWG,10-20,30-50,0,0.0
3927-NLNRY,50+,90+,0,0.0
9087-EYCPR,50+,10-30,0,0.0
6791-YBNAK,10-20,10-30,0,0.0
6358-LYNGM,0-10,70-90,0,0.0
6077-BDPXA,0-10,70-90,1,70.15
0013-MHZWF,0-10,50-70,0,0.0
5494-HECPR,0-10,70-90,0,0.0
8268-YDIXR,50+,90+,0,0.0
9824-BEMCV,10-20,50-70,0,0.0
1373-ORVIZ,10-20,50-70,0,0.0
4291-SHSBH,0-10,50-70,1,69.55
6980-IMXXE,50+,10-30,0,0.0
9866-QEVEE,10-20,70-90,0,0.0
9897-KXHCM,0-10,70-90,0,0.0
0040-HALCW,50+,10-30,0,0.0
0784-GTUUK,50+,10-30,0,0.0
7979-CORPM,20-30,90+,0,0.0
2294-DMMUS,50+,70-90,0,0.0
0872-JCPIB,10-20,50-70,0,0.0
3055-MJDSB,0-10,10-30,0,0.0
9091-WTUUY,50+,50-70,0,0.0
1618-CFHME,0-10,70-90,0,0.0
3165-HDOEW,0-10,30-50,0,0.0
6581-NQCBA,10-20,30-50,0,0.0
7115-IRDHS,50+,10-30,0,0.0
8496-DMZUK,30-40,90+,0,0.0
2040-VZIKE,40-50,90+,0,0.0
9068-VPWQQ,50+,70-90,0,0.0
0178-SZBHO,40-50,70-90,0,0.0
0384-RVBPI,20-30,50-70,0,0.0
1689-MRZQR,30-40,70-90,0,0.0
1299-AURJA,50+,10-30,0,0.0
4525-VZCZG,50+,90+,0,0.0
1543-LLLFT,50+,90+,0,0.0
5835-BEQEU,0-10,70-90,0,0.0
2788-CJQAQ,10-20,10-30,0,0.0
5565-FILXA,10-20,90+,0,0.0
0319-QZTCO,0-10,50-70,0,0.0
2120-SMPEX,20-30,10-30,0,0.0
0096-FCPUF,30-40,50-70,0,0.0
0668-OGMHD,20-30,10-30,0,0.0
5552-ZNFSJ,0-10,30-50,0,0.0
2223-KAGMX,10-20,10-30,0,0.0
6507-ZJSUR,20-30,90+,0,0.0
9408-HRXRK,40-50,90+,0,0.0
5593-SUAOO,20-30,70-90,0,0.0
7321-PKUYW,10-20,90+,0,0.0
2833-SLKDQ,0-10,30-50,0,0.0
6766-HFKLA,50+,90+,0,0.0
7595-EUIVN,0-10,70-90,0,0.0
7617-EYGLW,0-10,10-30,0,0.0
2026-TGDHM,0-10,70-90,0,0.0
9220-ZNKJI,50+,70-90,0,0.0
4030-VPZBD,0-10,30-50,0,0.0
2226-ICFDO,50+,70-90,0,0.0
0723-VSOBE,40-50,30-50,0,0.0
5529-GIBVH,40-50,10-30,0,0.0
4187-CINZD,40-50,90+,0,0.0
9992-UJOEL,0-10,50-70,0,0.0
4741-WWJQZ,0-10,70-90,1,80.15
6625-UTXEW,10-20,50-70,0,0.0
6818-WOBHJ,50+,70-90,0,0.0
6244-BESBM,50+,90+,0,0.0
1004-NOZNR,50+,90+,0,0.0
1251-STYSZ,0-10,70-90,1,80.25
2612-PHGOX,50+,70-90,0,0.0
2408-TZMJL,50+,90+,0,0.0
8480-PPONV,50+,90+,0,0.0
8780-IHCRN,50+,10-30,0,0.0
4598-ZADCK,50+,50-70,0,0.0
1257-SXUXQ,0-10,10-30,0,0.0
9681-KYGYB,40-50,70-90,0,0.0
7182-OVLBJ,50+,90+,0,0.0
5095-ETBRJ,50+,50-70,0,0.0
7005-CYUIL,50+,90+,0,0.0
4821-WQOYN,50+,10-30,0,0.0
4730-AWNAU,30-40,50-70,0,0.0
3452-FLHYD,20-30,10-30,0,0.0
2388-LAESQ,50+,90+,0,0.0
9531-NSBMR,30-40,10-30,0,0.0
6260-ONULR,0-10,50-70,0,0.0
4389-UEFCZ,50+,90+,0,0.0
8711-LOBKY,50+,10-30,0,0.0
9134-CEQMF,0-10,70-90,0,0.0
8985-OOPOS,0-10,70-90,0,0.0
8800-ZKRFW,30-40,90+,0,0.0
2616-FLVQC,50+,10-30,0,0.0
9968-FFVVH,50+,50-70,0,0.0
3108-PCCGG,50+,70-90,0,0.0
7993-PYKOF,0-10,70-90,0,0.0
8390-FESFV,50+,70-90,0,0.0
3022-BEXHZ,50+,90+,0,0.0
5027-XWQHA,0-10,30-50,0,0.0
6248-TKCQV,50+,70-90,0,0.0
6729-GDNGC,20-30,70-90,0,0.0
6198-ZFIOJ,0-10,70-90,1,75.6
5989-OMNJE,20-30,50-70,0,0.0
4566-QVRRW,10-20,30-50,0,0.0
1291-CUOCY,50+,90+,0,0.0
9795-SHUHB,50+,50-70,0,0.0
3230-IUALN,40-50,70-90,0,0.0
0042-RLHYP,50+,10-30,0,0.0
8519-IMDHU,10-20,70-90,0,0.0
4945-RVMTE,20-30,50-70,0,0.0
0201-OAMXR,50+,90+,0,0.0
1866-NXPSP,30-40,70-90,0,0.0
3372-KWFBM,10-20,70-90,0,0.0
7831-QGOXH,10-20,70-90,0,0.0
6393-WRYZE,30-40,90+,0,0.0
3941-XTSKM,40-50,30-50,0,0.0
1661-CZBAU,40-50,70-90,0,0.0
6599-RCLCJ,40-50,90+,0,0.0
9831-BPFRI,30-40,70-90,0,0.0
5158-RIVOP,10-20,10-30,0,0.0
9788-YTFGE,0-10,10-30,0,0.0
9277-JOOMO,0-10,10-30,0,0.0
1907-YLNYW,0-10,50-70,0,0.0
1725-MIMXW,0-10,10-30,0,0.0
8947-YRTDV,30-40,90+,0,0.0
3161-ONRWK,50+,50-70,0,0.0
0114-RSRRW,10-20,10-30,0,0.0
4565-NLZBV,50+,10-30,0,0.0
0031-PVLZI,0-10,10-30,0,0.0
7206-GZCDC,0-10,50-70,0,0.0
6682-VCIXC,40-50,50-70,0,0.0
4791-QRGMF,50+,90+,0,0.0
6475-VHUIZ,20-30,50-70,0,0.0
3910-MRQOY,50+,10-30,0,0.0
0661-WCQNQ,20-30,50-70,0,0.0
7537-RBWEA,0-10,10-30,0,0.0
4656-CAURT,50+,10-30,0,0.0
0121-SNYRK,50+,30-50,0,0.0
1768-ZAIFU,0-10,10-30,0,0.0
4671-LXRDQ,0-10,30-50,0,0.0
3733-LSYCE,10-20,70-90,0,0.0
6265-FRMTQ,30-40,10-30,0,0.0
1934-SJVJK,0-10,10-30,0,0.0
3838-OZURD,50+,90+,0,0.0
1371-DWPAZ,0-10,50-70,0,0.0
9269-CQOOL,0-10,50-70,0,0.0
2017-CCBLH,0-10,10-30,0,0.0
7690-KPNCU,50+,70-90,0,0.0
0536-BGFMZ,20-30,10-30,0,0.0
2293-IJWPS,50+,90+,0,0.0
2845-HSJCY,10-20,70-90,0,0.0
5469-NUJUR,10-20,10-30,0,0.0
1184-PJVDB,10-20,70-90,0,0.0
2625-TRCZQ,50+,30-50,0,0.0
4102-HLENU,50+,50-70,0,0.0
7266-GSSJX,10-20,10-30,0,0.0
7722-VJRQD,50+,50-70,0,0.0
7073-QETQY,50+,10-30,0,0.0
9415-DPEWS,10-20,70-90,0,0.0
5624-RYAMH,0-10,10-30,0,0.0
0196-JTUQI,0-10,70-90,0,0.0
7130-YXBRO,40-50,90+,0,0.0
9272-LSVYH,10-20,70-90,0,0.0
7943-RQCHR,0-10,90+,0,0.0
3793-MMFUH,10-20,90+,0,0.0
3249-ZPQRG,0-10,70-90,0,0.0
2568-BRGYX,0-10,70-90,0,0.0
3084-DOWLE,50+,90+,0,0.0
1084-MNSMJ,50+,70-90,0,0.0
7721-JXEAW,50+,30-50,0,0.0
7249-WBIYX,10-20,70-90,0,0.0
4238-HFHSN,50+,70-90,0,0.0
6250-CGGUN,50+,70-90,0,0.0
5478-JJVZK,30-40,50-70,0,0.0
7596-IIWYC,20-30,10-30,0,0.0
6567-HOOPW,0-10,70-90,0,0.0
9793-WECQC,20-30,90+,0,0.0
4291-HPAXL,0-10,10-30,0,0.0
8999-YPYBV,40-50,70-90,0,0.0
1839-FBNFR,30-40,10-30,0,0.0
3164-AALRN,0-10,70-90,0,0.0
3071-MVJCD,50+,70-90,0,0.0
1697-BCSHV,50+,50-70,0,0.0
0562-KBDVM,50+,30-50,0,0.0
1131-SUEKT,50+,90+,0,0.0
3717-OEAUQ,0-10,70-90,0,0.0
4538-WNTMJ,40-50,10-30,0,0.0
3334-CTHOL,0-10,30-50,0,0.0
4704-ERYFC,20-30,50-70,0,0.0
9432-RUVSL,40-50,90+,0,0.0
8060-HIWJJ,50+,70-90,0,0.0
7684-XSZIY,50+,10-30,0,0.0
9089-UOWJG,10-20,50-70,0,0.0
8621-MNIHH,30-40,90+,0,0.0
8039-ACLPL,50+,50-70,0,0.0
9885-AIBVB,20-30,70-90,0,0.0
1934-MKPXS,30-40,10-30,0,0.0
2592-YKDIF,0-10,10-30,0,0.0
2272-JKMSI,50+,90+,0,0.0
0471-LVHGK,40-50,70-90,0,0.0
9518-RWHZL,50+,90+,0,0.0
8714-CTZJW,0-10,70-90,0,0.0
3569-EDBPQ,20-30,70-90,0,0.0
3131-NWVFJ,10-20,10-30,0,0.0
7521-YXVZY,0-10,10-30,0,0.0
5419-CONWX,0-10,90+,0,0.0
6240-EURKS,10-20,30-50,0,0.0
2373-NTKOD,0-10,50-70,0,0.0
1970-KKFWL,30-40,10-30,0,0.0
6960-HVYXR,0-10,70-90,0,0.0
9337-SRRNI,50+,10-30,0,0.0
0895-UADGO,0-10,30-50,0,0.0
5678-VFNEQ,50+,90+,0,0.0
5977-CKHON,40-50,90+,0,0.0
7024-OHCCK,0-10,90+,0,0.0
2692-BUCFV,20-30,90+,0,0.0
7861-UVUFT,10-20,70-90,0,0.0
1830-GGFNM,50+,90+,0,0.0
5302-BDJNT,30-40,90+,0,0.0
5223-UZAVK,50+,90+,0,0.0
4859-ZSRDZ,50+,50-70,0,0.0
5651-WYIPH,10-20,30-50,0,0.0
9350-VLHMB,50+,70-90,0,0.0
3498-LZGQZ,50+,10-30,0,0.0
8785-CJSHH,50+,90+,0,0.0
5357-TZHPP,0-10,70-90,0,0.0
3870-SPZSI,50+,90+,0,0.0
0680-DFNNY,10-20,90+,0,0.0
7560-QRBXH,40-50,10-30,0,0.0
7077-XJMET,10-20,70-90,0,0.0
8752-GHJFU,50+,90+,0,0.0
6896-SRVYQ,40-50,70-90,0,0.0
7767-UXAGJ,0-10,50-70,0,0.0
4652-ODEVH,40-50,10-30,0,0.0
6510-UPNKS,20-30,10-30,0,0.0
6718-BDGHG,40-50,50-70,0,0.0
9046-DQMTP,30-40,10-30,0,0.0
6439-LAJXL,0-10,50-70,0,0.0
1571-SAVHK,10-20,90+,0,0.0
9052-VKDUW,50+,90+,0,0.0
9546-CQJSU,0-10,90+,0,0.0
1666-JZPZT,20-30,30-50,0,0.0
5777-KJIRB,40-50,50-70,0,0.0
0506-LVNGN,0-10,70-90,0,0.0
7677-SJJJK,0-10,10-30,0,0.0
2480-EJWYP,50+,90+,0,0.0
3253-HKOKL,50+,90+,0,0.0
7055-HNEOJ,0-10,50-70,0,0.0
5514-YQENT,40-50,90+,0,0.0
3211-AAPKX,20-30,90+,0,0.0
8445-DNBAE,0-10,50-70,0,0.0
2951-QOQTK,0-10,70-90,0,0.0
2958-NHPPS,20-30,10-30,0,0.0
6806-YDEUL,0-10,10-30,0,0.0
1735-XMJVH,0-10,10-30,0,0.0
6890-PFRQX,10-20,50-70,0,0.0
0222-CNVPT,50+,30-50,0,0.0
5899-OUVKV,30-40,90+,0,0.0
8681-ICONS,20-30,10-30,0,0.0
1621-YNCJH,30-40,90+,0,0.0
3473-XIIIT,10-20,90+,0,0.0
6362-QHAFM,40-50,90+,0,0.0
7893-IXHRQ,0-10,10-30,0,0.0
3070-BDOQC,50+,90+,0,0.0
2952-QAYZF,0-10,70-90,0,0.0
6234-PFPXL,20-30,90+,0,0.0
9824-QCJPK,30-40,10-30,0,0.0
4763-PGDPO,0-10,70-90,0,0.0
4283-IVYCI,0-10,50-70,0,0.0
1866-OBPNR,0-10,70-90,0,0.0
8205-MQUGY,10-20,30-50,0,0.0
8970-ANWXO,20-30,70-90,0,0.0
9480-BQJEI,50+,90+,0,0.0
5394-SVGJV,30-40,90+,0,0.0
6979-TNDEU,0-10,10-30,0,0.0
9777-WJJPR,30-40,70-90,0,0.0
9283-LZQOH,10-20,70-90,0,0.0
7079-QRCBC,20-30,90+,0,0.0
9495-SKLKD,40-50,90+,0,0.0
6048-UWKAL,50+,90+,0,0.0
5067-DGXLL,0-10,10-30,0,0.0
5469-CTCWN,50+,90+,0,0.0
9851-QXEEQ,40-50,90+,0,0.0
6281-FKEWS,40-50,30-50,0,0.0
8898-KASCD,30-40,30-50,0,0.0
9242-TKFSV,50+,50-70,0,0.0
9290-SHCMB,10-20,90+,0,0.0
0743-HNPFG,50+,50-70,0,0.0
2277-BKJKN,50+,90+,0,0.0
9809-IMGCQ,20-30,90+,0,0.0
5208-HFSBT,0-10,50-70,0,0.0
5035-PGZXH,50+,90+,0,0.0
8695-WDYEA,0-10,50-70,0,0.0
6543-JXSOO,20-30,50-70,0,0.0
8016-ZMGMO,50+,70-90,0,0.0
8605-ITULD,0-10,10-30,0,0.0
3254-YRILK,10-20,70-90,0,0.0
6416-YJTTB,10-20,70-90,0,0.0
2667-WYLWJ,0-10,10-30,0,0.0
4472-VESGY,50+,90+,0,0.0
3195-TQDZX,0-10,10-30,0,0.0
3128-YOVTD,50+,70-90,0,0.0
0529-ONKER,10-20,70-90,0,0.0
1728-CXQBE,50+,90+,0,0.0
7041-TXQJH,30-40,30-50,0,0.0
5014-GSOUQ,10-20,10-30,0,0.0
5724-BIDBU,40-50,50-70,0,0.0
0481-SUMCB,40-50,90+,0,0.0
1769-GRUIK,10-20,70-90,0,0.0
5240-IJOQT,0-10,70-90,0,0.0
8819-WFGGJ,50+,50-70,0,0.0
7427-AUFPY,50+,10-30,0,0.0
2811-POVEX,20-30,70-90,0,0.0
1092-GANHU,10-20,70-90,0,0.0
7898-PDWQE,50+,70-90,0,0.0
9972-EWRJS,50+,10-30,0,0.0
9314-IJWSQ,10-20,70-90,0,0.0
0661-XEYAN,0-10,10-30,0,0.0
5799-JRCZO,50+,10-30,0,0.0
1921-KYSAY,40-50,50-70,0,0.0
6198-RTPMF,10-20,90+,0,0.0
2924-KHUVI,50+,90+,0,0.0
1925-GMVBW,0-10,10-30,0,0.0
7881-EVUAD,0-10,30-50,0,0.0
6184-DYUOB,0-10,10-30,0,0.0
9207-ZPANB,30-40,50-70,0,0.0
5766-XQXMQ,20-30,50-70,0,0.0
9327-QSDED,0-10,30-50,0,0.0
1656-DRSMG,50+,90+,0,0.0
3012-VFFMN,0-10,10-30,0,0.0
2984-AFWNC,0-10,90+,1,95.4
0640-YJTPY,50+,10-30,0,0.0
8096-LOIST,10-20,50-70,0,0.0
9764-REAFF,50+,10-30,0,0.0
3703-VAVCL,0-10,90+,0,0.0
7107-UBYKY,30-40,10-30,0,0.0
4881-GQJTW,10-20,10-30,0,0.0
8519-QJGJD,10-20,70-90,0,0.0
7876-DNYAP,50+,10-30,0,0.0
7905-NJMXS,0-10,50-70,0,0.0
2882-WDTBA,50+,70-90,0,0.0
2091-GPPIQ,50+,70-90,0,0.0
6326-MTTXK,0-10,90+,0,0.0
5071-FBJFS,0-10,50-70,0,0.0
2796-UUZZO,50+,70-90,0,0.0
2429-AYKKO,50+,10-30,0,0.0
9798-OPFEM,40-50,10-30,0,0.0
0330-IVZHA,0-10,50-70,0,0.0
3794-NFNCH,30-40,50-70,0,0.0
5193-QLVZB,50+,90+,0,0.0
7114-AEOZE,50+,10-30,0,0.0
2886-KEFUM,50+,90+,0,0.0
5522-NYKPB,20-30,70-90,0,0.0
4237-RLAQD,0-10,30-50,0,0.0
9957-YODKZ,0-10,70-90,1,80.8
6518-KZXCB,20-30,10-30,0,0.0
2245-ADZFJ,30-40,70-90,0,0.0
7776-QGYJC,30-40,70-90,0,0.0
9313-QOLTZ,20-30,10-30,0,0.0
9651-GTSAQ,50+,90+,0,0.0
3186-BAXNB,0-10,90+,0,0.0
4672-FOTSD,10-20,50-70,0,0.0
0637-YLETY,10-20,90+,0,0.0
9818-XQCUV,0-10,10-30,0,0.0
7338-ERIVA,30-40,30-50,0,0.0
1157-BQCUW,0-10,70-90,0,0.0
8259-NFJTV,0-10,30-50,0,0.0
3223-DWFIO,0-10,50-70,1,69.35
2660-EMUBI,10-20,90+,0,0.0
6968-GMKPR,50+,70-90,0,0.0
4751-ERMAN,50+,70-90,0,0.0
1436-ZMJAN,10-20,50-70,0,0.0
3292-PBZEJ,10-20,90+,0,0.0
0799-DDIHE,10-20,30-50,0,0.0
3070-FNFZQ,20-30,10-30,0,0.0
2812-SFXMJ,0-10,10-30,0,0.0
7675-OZCZG,0-10,30-50,0,0.0
5014-WUQMG,40-50,90+,0,0.0
5312-TSZVC,10-20,10-30,0,0.0
2003-CKLOR,50+,90+,0,0.0
0993-OSGPT,50+,50-70,0,0.0
9254-RBFON,10-20,90+,0,0.0
1205-WNWPJ,0-10,50-70,0,0.0
9391-EOYLI,10-20,70-90,0,0.0
7108-DGVUU,20-30,70-90,0,0.0
2782-JEEBU,20-30,30-50,0,0.0
5127-BZENZ,50+,50-70,0,0.0
2720-FVBQP,0-10,30-50,0,0.0
9906-NHHVC,50+,50-70,0,0.0
4522-XRWWI,40-50,70-90,0,0.0
3766-EJLFL,50+,90+,0,0.0
5939-SXWHM,40-50,10-30,0,0.0
8152-UOBNY,50+,90+,0,0.0
7351-KYHQH,0-10,50-70,0,0.0
7643-RCHXS,50+,10-30,0,0.0
8246-SHFGA,10-20,10-30,0,0.0
8387-MOJJT,40-50,70-90,0,0.0
0620-XEFWH,0-10,10-30,0,0.0
6485-QXWWE,50+,10-30,0,0.0
2761-OCIAX,0-10,70-90,0,0.0
7321-VGNKU,0-10,70-90,1,70.35
5327-CNLUQ,40-50,90+,0,0.0
7552-KEYGT,20-30,10-30,0,0.0
5816-JMLGY,50+,70-90,0,0.0
3068-OMWZA,0-10,70-90,0,0.0
2927-QRRQV,40-50,90+,0,0.0
6032-KRXXO,30-40,90+,0,0.0
7459-RRWQZ,10-20,50-70,0,0.0
6265-SXWBU,50+,90+,0,0.0
7941-RCJOW,50+,10-30,0,0.0
6374-NTQLP,50+,90+,0,0.0
4154-AQUGT,10-20,70-90,0,0.0
2387-KDZQY,10-20,10-30,0,0.0
3584-WKTTW,50+,90+,0,0.0
3399-BMLVW,50+,50-70,0,0.0
1971-DTCZB,50+,90+,0,0.0
3092-IGHWF,50+,70-90,0,0.0
3374-PZLXD,30-40,10-30,0,0.0
3813-DHBBB,50+,50-70,0,0.0
2812-REYAT,40-50,10-30,0,0.0
6518-PPLMZ,50+,10-30,0,0.0
4939-KYYPY,20-30,50-70,0,0.0
8017-LXHFA,20-30,90+,0,0.0
5930-GBIWP,50+,70-90,0,0.0
6022-KOUQO,0-10,10-30,0,0.0
6352-TWCAU,30-40,70-90,0,0.0
2361-UPSND,40-50,70-90,0,0.0
6035-RIIOM,50+,90+,0,0.0
2929-QNSRW,50+,90+,0,0.0
1262-OPMFY,0-10,70-90,0,0.0
9504-DSHWM,20-30,50-70,0,0.0
5035-BVCXS,10-20,70-90,0,0.0
6267-DCFFZ,30-40,90+,0,0.0
3533-UVMOM,50+,70-90,0,0.0
2439-LYPMQ,30-40,90+,0,0.0
4248-QPAVC,10-20,70-90,0,0.0
1899-VXWXM,40-50,90+,0,0.0
1478-VPOAD,0-10,30-50,0,0.0
9995-HOTOH,50+,50-70,0,0.0
2988-PLAHS,0-10,50-70,0,0.0
1371-OJCEK,40-50,10-30,0,0.0
4999-IEZLT,50+,10-30,0,0.0
8883-ANODQ,50+,70-90,0,0.0
4690-LLKUA,10-20,30-50,0,0.0
2351-RRBUE,0-10,10-30,0,0.0
5980-BDHPY,50+,70-90,0,0.0
1498-DQNRX,20-30,10-30,0,0.0
9469-WEJBT,30-40,90+,0,0.0
3331-HQDTW,30-40,90+,0,0.0
9490-DFPMD,40-50,70-90,0,0.0
2581-VKIRT,50+,50-70,0,0.0
5442-XSDCW,10-20,70-90,0,0.0
7426-WEIJX,50+,70-90,0,0.0
2851-MMUTZ,20-30,50-70,0,0.0
3049-NDXFL,0-10,70-90,0,0.0
8580-AECUZ,0-10,70-90,0,0.0
3307-TLCUD,10-20,30-50,0,0.0
6625-FLENO,50+,10-30,0,0.0
2967-MXRAV,0-10,10-30,0,0.0
7963-GQRMY,0-10,30-50,0,0.0
8189-HBVRW,50+,90+,0,0.0
4163-KIUHY,30-40,10-30,0,0.0
1228-FZFRV,50+,90+,0,0.0
3500-NSDOA,50+,70-90,0,0.0
1171-TYKUR,40-50,10-30,0,0.0
3761-FLYZI,50+,90+,0,0.0
2058-DCJBE,0-10,50-70,0,0.0
5364-XYIRR,50+,90+,0,0.0
4829-AUOAX,40-50,90+,0,0.0
1219-NNDDO,0-10,70-90,1,76.85
8388-DMKAE,0-10,10-30,0,0.0
4403-BWPAY,10-20,10-30,0,0.0
9659-QEQSY,40-50,90+,0,0.0
5405-ZMYXQ,0-10,70-90,0,0.0
5047-LHVLY,0-10,50-70,0,0.0
1442-OKRJE,50+,90+,0,0.0
4737-AQCPU,50+,70-90,0,0.0
9158-VCTQB,40-50,90+,0,0.0
2808-CHTDM,20-30,10-30,0,0.0
6311-UEUME,20-30,70-90,0,0.0
0793-TWELN,0-10,70-90,1,80.15
3283-WCWXT,0-10,10-30,0,0.0
1060-ENTOF,50+,90+,0,0.0
0999-QXNSA,0-10,30-50,0,0.0
5451-MHQOF,50+,10-30,0,0.0
4836-WNFNO,50+,10-30,0,0.0
9225-BZLNZ,50+,70-90,0,0.0
0354-VXMJC,20-30,10-30,0,0.0
4422-QVIJA,30-40,50-70,0,0.0
9365-SRSZE,20-30,70-90,0,0.0
6839-ITVZJ,20-30,50-70,0,0.0
8332-OSJDW,10-20,10-30,0,0.0
4735-BJKOU,40-50,10-30,0,0.0
0274-JKUJR,0-10,50-70,0,0.0
5740-YHGTW,50+,90+,0,0.0
8917-SZTTJ,50+,10-30,0,0.0
1696-MZVAU,30-40,10-30,0,0.0
7359-WWYJV,50+,90+,0,0.0
0375-HVGXO,0-10,30-50,0,0.0
4906-ZHGPK,50+,70-90,0,0.0
8593-WHYHV,0-10,70-90,0,0.0
3795-GWTRD,50+,70-90,0,0.0
1298-PHBTI,50+,70-90,0,0.0
6223-DHJGV,40-50,10-30,0,0.0
6961-MJKBO,40-50,10-30,0,0.0
6097-EQISJ,50+,90+,0,0.0
4423-YLHDV,20-30,90+,0,0.0
8158-WPEZG,10-20,30-50,0,0.0
0107-YHINA,0-10,90+,0,0.0
4918-FYJNT,50+,90+,0,0.0
0727-BNRLG,50+,90+,0,0.0
4854-CIDCF,0-10,70-90,1,73.85
8640-SDGKB,0-10,70-90,0,0.0
3280-MRDOF,30-40,50-70,0,0.0
6435-SRWBJ,0-10,70-90,1,82.75
9964-WBQDJ,50+,10-30,0,0.0
6303-KFWSL,20-30,50-70,0,0.0
1702-CCFNJ,50+,50-70,0,0.0
8932-CZHRQ,50+,70-90,0,0.0
0386-CWRGM,40-50,10-30,0,0.0
5515-RUGKN,0-10,50-70,0,0.0
0404-AHASP,50+,10-30,0,0.0
7279-NMVJC,10-20,10-30,0,0.0
2081-VEYEH,0-10,90+,0,0.0
6407-UTSLV,0-10,70-90,0,0.0
4116-TZAQJ,0-10,70-90,0,0.0
9060-HJJRW,50+,50-70,0,0.0
2587-YNLES,0-10,10-30,0,0.0
7398-SKNQZ,0-10,90+,1,94.9
5935-FCCNB,10-20,90+,0,0.0
1958-RNRKS,30-40,30-50,0,0.0
5136-RGMZO,30-40,70-90,0,0.0
8345-MVDYC,40-50,70-90,0,0.0
8226-BXGES,50+,70-90,0,0.0
3877-JRJIP,0-10,50-70,0,0.0
8375-DKEBR,0-10,50-70,0,0.0
9705-IOVQQ,50+,90+,0,0.0
1015-OWJKI,0-10,10-30,0,0.0
7511-YMXVQ,0-10,30-50,0,0.0
2040-XBAVJ,50+,90+,0,0.0
7551-JOHTI,0-10,10-30,0,0.0
8887-IPQNC,0-10,30-50,0,0.0
8646-JCOMS,50+,90+,0,0.0
9804-ICWBG,0-10,50-70,0,0.0
1222-KJNZD,40-50,10-30,0,0.0
0106-GHRQR,10-20,70-90,0,0.0
5318-IXUZF,0-10,70-90,0,0.0
3768-VHXQO,50+,10-30,0,0.0
8952-WCVCD,40-50,90+,0,0.0
2418-TPEUN,50+,10-30,0,0.0
3963-RYFNS,50+,90+,0,0.0
3198-VELRD,0-10,70-90,0,0.0
8540-ZQGEA,50+,10-30,0,0.0
1320-REHCS,50+,90+,0,0.0
4137-JOPHL,50+,70-90,0,0.0
9436-ZBZCT,10-20,70-90,0,0.0
7801-CEDNV,20-30,30-50,0,0.0
2057-BOYKM,50+,90+,0,0.0
3658-QQJYD,50+,70-90,0,0.0
1803-BGNBD,10-20,50-70,0,0.0
0134-XWXCE,40-50,70-90,0,0.0
6950-TWMYB,50+,70-90,0,0.0
5848-FHRFC,50+,10-30,0,0.0
2243-FNMMI,20-30,10-30,0,0.0
2511-MORQY,50+,50-70,0,0.0
5356-KZCKT,50+,10-30,0,0.0
9470-XCCEM,30-40,70-90,0,0.0
6519-CFDBX,0-10,30-50,0,0.0
3902-MIVLE,50+,70-90,0,0.0
0409-WTMPL,50+,90+,0,0.0
8763-KIAFH,20-30,10-30,0,0.0
3669-WHAFY,50+,90+,0,0.0
3055-VTCGS,50+,50-70,0,0.0
3144-KMTWZ,50+,90+,0,0.0
7279-BUYWN,40-50,90+,0,0.0
7156-MHUGY,10-20,90+,0,0.0
7198-GLXTC,0-10,70-90,0,0.0
2007-QVGAW,50+,10-30,0,0.0
5207-PLSTK,0-10,30-50,0,0.0
2307-FYNNL,50+,90+,0,0.0
5605-XNWEN,50+,10-30,0,0.0
2155-AMQRX,20-30,50-70,0,0.0
6181-AXXYF,50+,10-30,0,0.0
5091-HFAZW,0-10,90+,1,91.15
0516-VRYBW,10-20,10-30,0,0.0
2519-LBNQL,50+,90+,0,0.0
8623-ULFNQ,20-30,50-70,0,0.0
8380-PEFPE,0-10,70-90,0,0.0
5687-DKDTV,0-10,10-30,0,0.0
1568-LJSZU,50+,90+,0,0.0
7530-HDYDS,30-40,70-90,0,0.0
7789-HKSBS,40-50,90+,0,0.0
7416-CKTEP,50+,10-30,0,0.0
2586-CWXVV,50+,30-50,0,0.0
3096-IZETN,10-20,70-90,0,0.0
2348-KCJLT,40-50,50-70,0,0.0
8401-EMUWF,40-50,50-70,0,0.0
4193-IBKSW,50+,10-30,0,0.0
5377-NDTOU,50+,90+,0,0.0
5922-ABDVO,10-20,70-90,0,0.0
2474-LCNUE,20-30,70-90,0,0.0
0839-QNXME,30-40,10-30,0,0.0
3506-OVLKD,30-40,10-30,0,0.0
9172-ANCRX,10-20,90+,0,0.0
6650-VJONK,0-10,30-50,0,0.0
2178-PMGCJ,20-30,50-70,0,0.0
7492-TAFJD,0-10,30-50,0,0.0
2773-MADBQ,30-40,50-70,0,0.0
6016-LVTJQ,30-40,10-30,0,0.0
7860-KSUGX,50+,50-70,0,0.0
8966-KZXXA,30-40,10-30,0,0.0
6910-HADCM,0-10,70-90,0,0.0
4816-LXZYW,20-30,70-90,0,0.0
9606-PBKBQ,30-40,70-90,0,0.0
5149-QYTTU,50+,90+,0,0.0
2070-XYMFH,20-30,70-90,0,0.0
2085-BOJKI,10-20,90+,0,0.0
0817-HSUSE,0-10,70-90,0,0.0
5442-PPTJY,10-20,10-30,0,0.0
1927-QEWMY,50+,10-30,0,0.0
1663-MHLHE,0-10,10-30,0,0.0
5663-QBGIS,50+,90+,0,0.0
4450-MDZFX,50+,70-90,0,0.0
6701-DHKWQ,50+,50-70,0,0.0
7554-AKDQF,0-10,30-50,0,0.0
3536-IQCTX,30-40,70-90,0,0.0
4911-BANWH,30-40,70-90,0,0.0
8496-EJAUI,10-20,70-90,0,0.0
0794-YVSGE,50+,10-30,0,0.0
5423-BHIXO,30-40,50-70,0,0.0
6908-VVYHM,50+,90+,0,0.0
2959-EEXWB,40-50,50-70,0,0.0
1839-UMACK,40-50,10-30,0,0.0
3030-YDNRM,0-10,70-90,1,74.85
7321-KKSDU,30-40,10-30,0,0.0
3402-XRIUO,20-30,50-70,0,0.0
3132-TVFDZ,50+,30-50,0,0.0
8286-AFUYI,0-10,30-50,0,0.0
8080-DDEMJ,0-10,30-50,0,0.0
8356-WUAOJ,0-10,30-50,0,0.0
6365-MTGZX,20-30,90+,0,0.0
1349-WXNGG,0-10,10-30,0,0.0
8058-DMYRU,50+,90+,0,0.0
9350-ZXYJC,0-10,10-30,0,0.0
6990-YNRIO,50+,90+,0,0.0
8958-JPTRR,50+,10-30,0,0.0
6959-GQEGV,40-50,70-90,0,0.0
3173-WSSUE,50+,10-30,0,0.0
1265-HVPZB,50+,50-70,0,0.0
4115-UMJFQ,50+,30-50,0,0.0
7369-TRPFD,10-20,10-30,0,0.0
1098-KFQEC,50+,10-30,0,0.0
7190-XHTWJ,30-40,10-30,0,0.0
0621-TWIEM,10-20,30-50,0,0.0
3537-RYBHH,40-50,50-70,0,0.0
2485-ITVKB,0-10,30-50,0,0.0
3669-OYSJI,0-10,30-50,0,0.0
1612-EOHDH,0-10,30-50,0,0.0
6702-OHFWR,0-10,30-50,0,0.0
5296-BFCYD,40-50,10-30,0,0.0
4510-PYUSH,30-40,50-70,0,0.0
9359-JANWS,50+,50-70,0,0.0
7517-SAWMO,10-20,70-90,0,0.0
4143-HHPMK,50+,70-90,0,0.0
3279-DYZQM,50+,10-30,0,0.0
7054-LGEQW,0-10,30-50,0,0.0
0523-VNGTF,50+,50-70,0,0.0
9575-IWCAZ,0-10,10-30,0,0.0
7105-MXJLL,20-30,50-70,0,0.0
7064-FRRSW,40-50,90+,0,0.0
7940-UQQUG,50+,90+,0,0.0
0923-PNFUB,0-10,70-90,0,0.0
3961-SXAXY,0-10,30-50,0,0.0
7010-BRBUU,50+,10-30,0,0.0
3566-HJGPK,0-10,30-50,0,0.0
3062-ICYZQ,50+,90+,0,0.0
9938-PRCVK,40-50,10-30,0,0.0
0973-KYVNF,50+,70-90,0,0.0
5129-HHMZC,40-50,70-90,0,0.0
9637-CDTKZ,50+,90+,0,0.0
3946-JEWRQ,40-50,90+,0,0.0
7873-CVMAW,50+,70-90,0,0.0
0463-WZZKO,0-10,10-30,0,0.0
3494-JCHRQ,0-10,70-90,0,0.0
6474-FVJLC,0-10,70-90,0,0.0
4524-QCSSM,20-30,30-50,0,0.0
5832-EXGTT,20-30,50-70,0,0.0
8840-DQLGN,30-40,90+,0,0.0
2039-JONDJ,20-30,50-70,0,0.0
7217-JYHOQ,20-30,70-90,0,0.0
6695-FRVEC,50+,50-70,0,0.0
4547-LYTDD,10-20,70-90,0,0.0
9894-QMIMJ,20-30,50-70,0,0.0
8069-YQQAJ,10-20,30-50,0,0.0
6770-XUAGN,0-10,10-30,0,0.0
4193-ORFCL,0-10,30-50,0,0.0
1636-NTNCO,0-10,50-70,0,0.0
3466-WAESX,10-20,50-70,0,0.0
9281-PKKZE,40-50,30-50,0,0.0
3638-VBZTA,50+,70-90,0,0.0
7459-IMVYU,30-40,50-70,0,0.0
7776-QWNFX,30-40,50-70,0,0.0
6689-TCZHQ,0-10,70-90,0,0.0
8563-OYMQY,10-20,90+,0,0.0
0754-EEBDC,0-10,10-30,0,0.0
5777-ZPQNC,10-20,10-30,0,0.0
1951-IEYXM,50+,90+,0,0.0
3318-NMQXL,0-10,90+,1,92.0
3143-ILDAL,50+,90+,0,0.0
1022-RKXDR,40-50,10-30,0,0.0
2361-FJWNO,40-50,30-50,0,0.0
2272-UOINI,0-10,70-90,0,0.0
8232-UTFOZ,50+,10-30,0,0.0
3750-YHRYO,0-10,10-30,0,0.0
6637-KYRCV,0-10,30-50,0,0.0
5668-MEISB,50+,90+,0,0.0
0129-QMPDR,40-50,10-30,0,0.0
7188-CBBBA,50+,90+,0,0.0
5356-CSVSQ,0-10,50-70,0,0.0
3221-CJMSG,20-30,50-70,0,0.0
4720-VSTSI,40-50,70-90,0,0.0
3219-JQRSL,50+,70-90,0,0.0
2801-NISEI,20-30,50-70,0,0.0
3946-MHCZW,0-10,50-70,0,0.0
4623-ZKHLY,20-30,10-30,0,0.0
6732-VAILE,50+,70-90,0,0.0
8201-AAXCB,20-30,50-70,0,0.0
7696-CFTAT,30-40,10-30,0,0.0
1845-CSBRZ,20-30,70-90,0,0.0
2123-VSCOT,50+,70-90,0,0.0
6651-AZVTJ,40-50,90+,0,0.0
4566-GOLUK,40-50,90+,0,0.0
2484-DGXPZ,30-40,10-30,0,0.0
2018-QKYGT,0-10,70-90,1,81.05
2792-VPPET,0-10,10-30,0,0.0
7409-JURKQ,50+,90+,0,0.0
3247-MHJKM,0-10,10-30,0,0.0
1964-SVLEA,20-30,10-30,0,0.0
4587-NUKOX,0-10,70-90,0,0.0
7297-DVYGA,50+,10-30,0,0.0
2239-CGBUZ,50+,50-70,0,0.0
0854-UYHZD,10-20,10-30,0,0.0
7243-LCGGZ,0-10,10-30,0,0.0
8267-KFGYD,0-10,10-30,0,0.0
4890-VMUAV,50+,70-90,0,0.0
9261-WDCAF,0-10,50-70,0,0.0
3764-MNMOI,40-50,10-30,0,0.0
7442-YGZFK,0-10,30-50,0,0.0
0420-BWTPW,0-10,10-30,0,0.0
8229-BUJHX,50+,10-30,0,0.0
7449-HVPIV,50+,90+,0,0.0
5504-WSIUR,50+,90+,0,0.0
8183-ONMXC,0-10,70-90,0,0.0
8466-PZBLH,50+,90+,0,0.0
9614-RMGHA,50+,90+,0,0.0
8735-IJJEG,10-20,50-70,0,0.0
0564-MUUQK,20-30,90+,0,0.0
5054-IEXZT,0-10,70-90,0,0.0
5834-ASPWA,0-10,70-90,0,0.0
0701-RFGFI,40-50,90+,0,0.0
0019-EFAEP,50+,90+,0,0.0
5619-PTMIK,40-50,50-70,0,0.0
3737-XBQDD,20-30,70-90,0,0.0
5882-CMAZQ,0-10,30-50,0,0.0
5846-QFDFI,30-40,70-90,0,0.0
4445-KWOKW,40-50,50-70,0,0.0
3511-APPBJ,20-30,90+,0,0.0
7967-HYCDE,0-10,70-90,0,0.0
2430-RRYUW,50+,50-70,0,0.0
3948-XHGNA,20-30,30-50,0,0.0
3723-BFBGR,20-30,50-70,0,0.0
0565-IYCGT,50+,70-90,0,0.0
5447-WZAFP,50+,90+,0,0.0
5110-CHOPY,50+,50-70,0,0.0
5445-UTODQ,0-10,70-90,0,0.0
4425-OWHWB,20-30,10-30,0,0.0
7892-QVYKW,20-30,70-90,0,0.0
9675-ICXCT,50+,70-90,0,0.0
1024-VRZHF,10-20,70-90,0,0.0
4703-MQYKT,20-30,10-30,0,0.0
9497-QCMMS,0-10,90+,0,0.0
5692-ICXLW,30-40,90+,0,0.0
0602-DDUML,50+,50-70,0,0.0
2208-MPXIO,40-50,10-30,0,0.0
1960-UYCNN,10-20,90+,1,95.25
0348-SDKOL,50+,90+,0,0.0
3190-FZATL,10-20,10-30,0,0.0
7336-RLLRH,20-30,70-90,0,0.0
4373-MAVJG,10-20,90+,0,0.0
8901-HJXTF,10-20,10-30,0,0.0
7710-JSYOA,50+,90+,0,0.0
5419-KLXBN,20-30,70-90,0,0.0
3424-NMNBO,50+,90+,0,0.0
9885-MFVSU,30-40,30-50,0,0.0
4514-GFCFI,10-20,70-90,0,0.0
0607-MVMGC,40-50,70-90,0,0.0
3365-SAIGS,10-20,70-90,0,0.0
9828-AOQLM,0-10,30-50,0,0.0
8022-BECSI,20-30,10-30,0,0.0
8000-REIQB,0-10,50-70,0,0.0
9993-LHIEB,50+,50-70,0,0.0
0266-CLZKZ,50+,90+,0,0.0
7615-ESMYF,0-10,30-50,0,0.0
3858-VOBET,20-30,70-90,0,0.0
7020-OZKXZ,0-10,70-90,0,0.0
3977-QCRSL,0-10,10-30,0,0.0
0017-DINOC,50+,30-50,0,0.0
1447-PJGGA,50+,90+,0,0.0
8565-CLBZW,20-30,70-90,0,0.0
9139-WQQDY,40-50,90+,0,0.0
0224-HJAPT,0-10,30-50,0,0.0
8086-OVPWV,0-10,70-90,0,0.0
9430-FRQOC,0-10,70-90,0,0.0
7639-OPLNG,50+,70-90,0,0.0
3074-GQWYX,0-10,70-90,0,0.0
1492-QGCLU,50+,70-90,0,0.0
6845-RGTYS,40-50,90+,0,0.0
7328-OWMOM,30-40,10-30,0,0.0
4418-LZMSV,10-20,50-70,0,0.0
5155-AZQPB,20-30,30-50,0,0.0
8861-HGGKB,10-20,70-90,0,0.0
1087-GRUYI,30-40,10-30,0,0.0
7065-YUNRY,0-10,30-50,0,0.0
7694-VLBWQ,50+,90+,0,0.0
2546-KZAAT,50+,70-90,0,0.0
0181-RITDD,50+,90+,0,0.0
5989-PGKJB,10-20,70-90,0,0.0
4795-KTRTH,0-10,70-90,0,0.0
8272-ONJLV,10-20,90+,0,0.0
1488-PBLJN,50+,90+,0,0.0
0308-GIQJT,50+,90+,0,0.0
3778-FOAQW,20-30,10-30,0,0.0
4452-ROHMO,10-20,10-30,0,0.0
6481-OGDOO,50+,90+,0,0.0
3090-LETTY,0-10,50-70,0,0.0
5349-AZPEW,0-10,10-30,0,0.0
3753-TSEMP,10-20,70-90,0,0.0
8305-VHZBZ,0-10,10-30,0,0.0
9720-JJJOR,40-50,50-70,0,0.0
8100-HZZLJ,40-50,50-70,0,0.0
8775-ERLNB,0-10,70-90,1,74.3
8309-IEYJD,0-10,70-90,0,0.0
9172-JITSM,20-30,90+,0,0.0
6298-QDFNH,20-30,70-90,0,0.0
7398-HPYZQ,50+,90+,0,0.0
3546-GHEAE,0-10,10-30,0,0.0
7361-YPXFS,20-30,50-70,0,0.0
6557-BZXLQ,10-20,50-70,0,0.0
2550-QHZGP,0-10,10-30,0,0.0
7519-JTWQH,50+,90+,0,0.0
2538-OIMXF,0-10,10-30,0,0.0
8543-MSDMF,0-10,70-90,0,0.0
9961-JBNMK,20-30,90+,0,0.0
1170-SASML,50+,70-90,0,0.0
4872-JCVCA,50+,30-50,0,0.0
5346-BZCHP,50+,10-30,0,0.0
2038-LLMLM,40-50,90+,0,0.0
6173-ITPWD,40-50,70-90,0,0.0
9734-UYXQI,0-10,30-50,0,0.0
1216-BGTSP,40-50,90+,0,0.0
4138-NAXED,50+,70-90,0,0.0
2189-UXTKY,20-30,70-90,0,0.0
0744-BIKKF,50+,70-90,0,0.0
7483-IQWIB,30-40,90+,0,0.0
5248-KWLAR,50+,90+,0,0.0
4958-GZWIY,0-10,30-50,0,0.0
7996-MHXLW,50+,10-30,0,0.0
7833-PKIHD,50+,70-90,0,0.0
7061-OVMIM,30-40,10-30,0,0.0
5153-RTHKF,30-40,70-90,0,0.0
1852-QSWCD,50+,10-30,0,0.0
4832-VRBMR,50+,90+,0,0.0
9079-LWTFD,40-50,90+,0,0.0
6356-ELRKD,0-10,90+,0,0.0
8624-GIOUT,40-50,50-70,0,0.0
3392-EHMNK,50+,90+,0,0.0
5986-WWXDV,30-40,10-30,0,0.0
3061-BCKYI,10-20,10-30,0,0.0
6179-GJPSO,40-50,90+,0,0.0
7901-TBKJX,50+,90+,0,0.0
7228-PAQPD,10-20,50-70,0,0.0
3177-LASXD,0-10,70-90,0,0.0
7746-QYVCO,10-20,50-70,0,0.0
5804-HYIEZ,50+,90+,0,0.0
9919-FZDED,50+,70-90,0,0.0
5934-TSSAU,20-30,70-90,0,0.0
3486-KHMLI,20-30,10-30,0,0.0
4897-QSUYC,0-10,10-30,0,0.0
1084-UQCHV,0-10,50-70,0,0.0
8290-YWKHZ,30-40,90+,0,0.0
2955-BJZHG,10-20,70-90,0,0.0
3806-DXQOM,0-10,30-50,0,0.0
6784-XYJAE,30-40,50-70,0,0.0
3933-DQPWX,50+,30-50,0,0.0
6661-EIPZC,40-50,10-30,0,0.0
8957-THMOA,50+,10-30,0,0.0
2251-PYLPB,50+,70-90,0,0.0
5555-RNPGT,10-20,10-30,0,0.0
1057-FOGLZ,10-20,10-30,0,0.0
9300-RENDD,0-10,70-90,0,0.0
0761-AETCS,0-10,10-30,0,0.0
8087-LGYHQ,0-10,90+,1,94.05
4137-BTIKL,0-10,90+,0,0.0
2190-BCXEC,40-50,70-90,0,0.0
6227-FBDXH,50+,90+,0,0.0
2153-MREFK,30-40,90+,0,0.0
2911-WDXMV,10-20,70-90,0,0.0
7206-PQBBZ,10-20,70-90,1,70.2
3106-ULWFW,0-10,70-90,0,0.0
0925-VYDLG,0-10,70-90,0,0.0
4547-FZJWE,50+,50-70,0,0.0
7422-WNBTY,30-40,90+,0,0.0
0842-IWYCP,40-50,30-50,0,0.0
3521-HTQTV,30-40,10-30,0,0.0
3744-ZBHON,0-10,10-30,0,0.0
3373-DIUUN,30-40,10-30,0,0.0
8383-SGHJU,30-40,50-70,0,0.0
7607-QKKTJ,40-50,90+,0,0.0
7707-PYBBH,40-50,50-70,0,0.0
8984-HPEMB,50+,90+,0,0.0
4349-GFQHK,0-10,50-70,0,0.0
4139-DETXS,50+,50-70,0,0.0
9779-DPNEJ,20-30,70-90,0,0.0
9805-FILKB,40-50,10-30,0,0.0
5793-YOLJN,50+,10-30,0,0.0
0673-IGUQO,0-10,10-30,0,0.0
4123-FCVCB,10-20,70-90,0,0.0
8819-IMISP,30-40,70-90,0,0.0
7802-EFKNY,0-10,10-30,0,0.0
8311-UEUAB,50+,70-90,0,0.0
5858-EAFCZ,0-10,30-50,0,0.0
8035-BUYVG,40-50,30-50,0,0.0
1163-ONYEY,40-50,70-90,0,0.0
9787-XVQIU,0-10,70-90,0,0.0
8945-MUQUF,50+,90+,0,0.0
5656-MJEFC,40-50,30-50,0,0.0
6082-OQFBA,20-30,10-30,0,0.0
8051-HJRLT,0-10,70-90,0,0.0
8974-OVACP,0-10,10-30,0,0.0
4010-YLMVT,50+,90+,0,0.0
1379-FRVEB,10-20,90+,0,0.0
8612-GXIDD,10-20,10-30,0,0.0
6288-CHQJB,50+,50-70,0,0.0
8160-HOWOX,0-10,50-70,0,0.0
3023-GFLBR,30-40,70-90,0,0.0
6648-INWPS,10-20,10-30,0,0.0
4223-BKEOR,20-30,50-70,0,0.0
4079-VTGLK,30-40,70-90,0,0.0
1763-WQFUK,0-10,50-70,0,0.0
1391-UBDAR,10-20,70-90,1,72.9
8894-JVDCV,50+,90+,0,0.0
2023-VQFDL,10-20,10-30,0,0.0
1345-GKDZZ,0-10,10-30,0,0.0
2014-MKGMH,40-50,90+,0,0.0
5628-FCGYG,20-30,70-90,0,0.0
2560-WBWXF,50+,10-30,0,0.0
0248-IPDFW,0-10,50-70,0,0.0
7978-DKUQH,20-30,70-90,0,0.0
4335-UPJSI,20-30,10-30,0,0.0
0524-IAVZO,30-40,70-90,0,0.0
2737-YNGYW,0-10,70-90,0,0.0
1784-EZDKJ,50+,90+,0,0.0
9297-FVVDH,50+,70-90,0,0.0
8007-YYPWD,10-20,10-30,0,0.0
7101-HRBLJ,50+,70-90,0,0.0
5159-YFPKQ,0-10,70-90,0,0.0
6635-CPNUN,20-30,90+,0,0.0
4021-RQSNY,20-30,90+,0,0.0
5453-YBTWV,50+,90+,0,0.0
5039-LZRQT,10-20,10-30,0,0.0
2931-VUVJN,50+,90+,0,0.0
9061-TIHDA,10-20,90+,0,0.0
8699-ASUFO,0-10,70-90,0,0.0
6418-PIQSP,50+,70-90,0,0.0
8220-OCUFY,20-30,50-70,0,0.0
3995-WFCSM,0-10,50-70,0,0.0
1895-QTKDO,0-10,30-50,0,0.0
2038-OEQZH,0-10,70-90,1,86.05
1178-PZGAB,10-20,10-30,0,0.0
7927-AUXBZ,30-40,70-90,0,0.0
2626-VEEWG,50+,10-30,0,0.0
2878-RMWXY,50+,90+,0,0.0
1657-DYMBM,50+,10-30,0,0.0
7311-MQJCH,0-10,10-30,0,0.0
7375-WMVMT,50+,90+,0,0.0
1136-XGEQU,50+,70-90,0,0.0
2530-FMFXO,50+,90+,0,0.0
6844-DZKRF,0-10,50-70,0,0.0
4695-WJZUE,0-10,70-90,0,0.0
7619-ODSGN,20-30,50-70,0,0.0
5970-GHJAW,40-50,10-30,0,0.0
8879-XUAHX,50+,90+,0,0.0
3689-MOZGR,20-30,30-50,0,0.0
4195-PNGZS,50+,10-30,0,0.0
5003-XZWWO,50+,70-90,0,0.0
3988-RQIXO,0-10,90+,0,0.0
7622-FWGEW,50+,70-90,0,0.0
6922-NCEDI,50+,10-30,0,0.0
2514-GINMM,0-10,70-90,0,0.0
9891-NQDBD,20-30,10-30,0,0.0
6131-IUNXN,10-20,10-30,0,0.0
8548-AWOFC,50+,50-70,0,0.0
9798-DRYDS,10-20,50-70,0,0.0
8532-UEFWH,50+,10-30,0,0.0
6296-DDOOR,10-20,50-70,0,0.0
7951-VRDVK,30-40,70-90,0,0.0
5931-FLJJF,0-10,70-90,0,0.0
4815-YOSUK,50+,90+,0,0.0
2659-VXMWZ,50+,90+,0,0.0
0380-NEAVX,30-40,90+,0,0.0
3207-OYBWH,50+,90+,0,0.0
4285-GYRQC,0-10,70-90,0,0.0
7216-EWTRS,0-10,90+,0,0.0
4365-MSDYN,0-10,10-30,0,0.0
7036-TYDEC,50+,90+,0,0.0
5802-ADBRC,50+,90+,0,0.0
8076-FEZKJ,10-20,10-30,0,0.0
5197-YPYBZ,10-20,10-30,0,0.0
8337-MSSXB,10-20,70-90,0,0.0
4312-GVYNH,50+,30-50,0,0.0
8495-LJDFO,50+,90+,0,0.0
0839-JTCUD,50+,70-90,0,0.0
5494-WOZRZ,50+,70-90,0,0.0
1302-UHBDD,20-30,70-90,0,0.0
2234-EOFPT,50+,70-90,0,0.0
8619-IJNDK,50+,50-70,0,0.0
8378-LKJAF,30-40,90+,0,0.0
8182-BJDSI,20-30,70-90,0,0.0
2528-HFYZX,10-20,70-90,0,0.0
1153-GNOLC,30-40,30-50,0,0.0
3298-QEICA,20-30,30-50,0,0.0
0788-DXBFY,50+,10-30,0,0.0
3597-YASZG,50+,90+,0,0.0
3496-LFSZU,0-10,70-90,1,70.5
5242-UOWHD,40-50,10-30,0,0.0
2482-CZGBB,10-20,70-90,0,0.0
6479-SZPLM,30-40,10-30,0,0.0
8097-VBQTZ,50+,50-70,0,0.0
4500-HKANN,20-30,50-70,0,0.0
9917-KWRBE,40-50,70-90,0,0.0
3420-ZDBMA,0-10,70-90,0,0.0
2212-LYASK,20-30,30-50,0,0.0
1393-IMKZG,0-10,90+,1,95.85
8069-RHUXK,50+,30-50,0,0.0
3398-GCPMU,50+,70-90,0,0.0
2908-WGAXL,50+,10-30,0,0.0
3378-AJRAO,40-50,10-30,0,0.0
1013-QCWAM,50+,90+,0,0.0
0866-QLSIR,30-40,50-70,0,0.0
6050-FFXES,50+,90+,0,0.0
7181-BQYBV,0-10,90+,0,0.0
0362-RAOQO,40-50,10-30,0,0.0
9554-DFKIC,30-40,50-70,0,0.0
5527-ACHSO,10-20,70-90,0,0.0
0829-DDVLK,10-20,10-30,0,0.0
1399-UBQIU,10-20,50-70,0,0.0
1813-JLKWR,50+,10-30,0,0.0
0336-PIKEI,50+,70-90,0,0.0
7322-OCWHC,50+,90+,0,0.0
9537-VHDTA,0-10,50-70,0,0.0
4957-TIALW,10-20,50-70,0,0.0
2054-PJOCK,50+,70-90,0,0.0
9150-HEPMB,50+,50-70,0,0.0
9030-QGZNL,0-10,10-30,0,0.0
6204-IEUXJ,0-10,70-90,0,0.0
3126-WQMGH,40-50,50-70,0,0.0
4529-CKBCL,0-10,70-90,0,0.0
2506-CLAKW,0-10,90+,0,0.0
7176-WRTNX,50+,90+,0,0.0
1583-IHQZE,10-20,90+,0,0.0
5732-IKGQH,50+,90+,0,0.0
9239-GZHZE,50+,90+,0,0.0
7205-BAIAD,40-50,10-30,0,0.0
0151-ONTOV,0-10,70-90,0,0.0
4140-MUHUG,0-10,70-90,0,0.0
0093-EXYQL,40-50,90+,0,0.0
8064-RAVOH,0-10,30-50,0,0.0
0219-QAERP,30-40,10-30,0,0.0
0320-JDNQG,20-30,90+,0,0.0
7180-PISOG,0-10,70-90,0,0.0
9168-INPSZ,40-50,90+,0,0.0
3571-RFHAR,50+,90+,0,0.0
0015-UOCOJ,0-10,30-50,0,0.0
5334-AFQJB,50+,10-30,0,0.0
2754-SDJRD,0-10,90+,0,0.0
9578-VRMNM,10-20,50-70,0,0.0
1587-FKLZB,50+,90+,0,0.0
6140-QNRQQ,0-10,70-90,0,0.0
8963-JLGJT,0-10,50-70,0,0.0
4307-KTUMW,50+,90+,0,0.0
1465-LNTLJ,0-10,50-70,0,0.0
5440-FLBQG,50+,90+,0,0.0
2135-DQWAQ,0-10,70-90,0,0.0
4056-QHXHZ,50+,90+,0,0.0
7470-MCQTK,10-20,30-50,0,0.0
7488-MXJIV,0-10,70-90,0,0.0
7401-JIXNM,50+,90+,0,0.0
9339-FIIJL,50+,70-90,0,0.0
2027-FECZV,10-20,90+,0,0.0
2672-DZUOY,0-10,10-30,0,0.0
4706-DGAHW,0-10,30-50,0,0.0
3870-MQAMG,50+,90+,0,0.0
6670-MFRPK,50+,70-90,0,0.0
6177-PEVRA,40-50,50-70,0,0.0
4800-CZMPC,40-50,90+,0,0.0
4813-HQMGZ,0-10,90+,1,90.25
7579-KKLOE,50+,90+,0,0.0
7377-DMMRI,0-10,30-50,0,0.0
8402-EIVQS,50+,90+,0,0.0
4947-DSMXK,30-40,90+,0,0.0
7245-NIIWQ,0-10,50-70,1,69.85
0002-ORFBO,0-10,50-70,0,0.0
3324-OIRTO,50+,90+,0,0.0
5414-OFQCB,50+,90+,0,0.0
4967-WPNCF,50+,50-70,0,0.0
8552-OBVRU,40-50,90+,0,0.0
8499-BRXTD,10-20,10-30,0,0.0
9154-QDGTH,40-50,90+,0,0.0
8197-BFWVU,50+,90+,0,0.0
2577-GVSIL,30-40,70-90,0,0.0
9367-OIUXP,0-10,10-30,0,0.0
6770-UAYGJ,40-50,10-30,0,0.0
6463-HHXJR,50+,90+,0,0.0
7928-VJYAB,10-20,90+,1,90.6
1187-WILMM,50+,70-90,0,0.0
9776-OJUZI,50+,90+,0,0.0
1306-RPWXZ,40-50,10-30,0,0.0
8949-JTMAY,20-30,90+,0,0.0
2774-LVQUS,10-20,70-90,0,0.0
3097-PYWXL,0-10,10-30,0,0.0
2266-SJNAT,50+,90+,0,0.0
0869-PAPRP,20-30,70-90,0,0.0
4238-JSSWH,30-40,90+,0,0.0
2972-YDYUW,50+,90+,0,0.0
1104-FEJAM,20-30,50-70,0,0.0
2809-ILCYT,20-30,10-30,0,0.0
5499-ECUTN,40-50,50-70,0,0.0
4981-FLTMF,50+,50-70,0,0.0
9121-PHQSR,10-20,70-90,0,0.0
3113-IWHLC,0-10,50-70,0,0.0
3211-ILJTT,10-20,70-90,0,0.0
4612-THJBS,50+,90+,0,0.0
4277-BWBML,50+,10-30,0,0.0
4094-NSEDU,20-30,90+,0,0.0
0234-TEVTT,40-50,30-50,0,0.0
4304-TSPVK,50+,90+,0,0.0
1552-AAGRX,30-40,90+,0,0.0
2637-FKFSY,0-10,30-50,0,0.0
9796-MVYXX,10-20,30-50,0,0.0
7874-ECPQJ,0-10,10-30,0,0.0
0020-INWCK,50+,90+,0,0.0
7089-RKVSZ,0-10,10-30,0,0.0
2683-JXWQQ,50+,30-50,0,0.0
9548-ZMVTX,50+,90+,0,0.0
8739-XNIKG,0-10,70-90,1,84.0
9755-JHNMN,40-50,50-70,0,0.0
3981-QSVQI,0-10,10-30,0,0.0
2789-HQBOU,0-10,70-90,1,80.35
9424-CMPOG,0-10,10-30,0,0.0
5067-WJEUN,50+,50-70,0,0.0
3450-WXOAT,40-50,30-50,0,0.0
9251-WNSOD,50+,70-90,0,0.0
6974-DAFLI,50+,10-30,0,0.0
2616-UUTFK,30-40,70-90,0,0.0
7064-JHXCE,50+,10-30,0,0.0
5103-MHMHY,0-10,30-50,0,0.0
7989-AWGEH,40-50,30-50,0,0.0
4373-VVHQL,0-10,30-50,0,0.0
4559-UWIHT,10-20,70-90,0,0.0
7268-IGMFD,10-20,90+,0,0.0
1846-XWOQN,0-10,70-90,0,0.0
0235-KGSLC,0-10,70-90,0,0.0
6650-BWFRT,50+,90+,0,0.0
9570-KYEUA,50+,90+,0,0.0
6993-YGFJV,50+,90+,0,0.0
2712-SYWAY,0-10,10-30,0,0.0
0730-BGQGF,50+,90+,0,0.0
5498-IBWPI,50+,30-50,0,0.0
9101-NTIXF,0-10,10-30,0,0.0
0013-SMEOE,50+,90+,0,0.0
9314-QDMDW,10-20,50-70,0,0.0
9308-ANMVE,40-50,50-70,0,0.0
2884-GBPFB,30-40,70-90,0,0.0
3757-NJYBX,30-40,90+,0,0.0
3413-DHLPB,50+,90+,0,0.0
7649-PHJVR,10-20,10-30,0,0.0
6114-TCFID,20-30,30-50,0,0.0
3787-TRIAL,20-30,10-30,0,0.0
2573-GYRUU,40-50,90+,0,0.0
5156-UMKOW,0-10,10-30,0,0.0
1247-QBVSH,40-50,50-70,0,0.0
6734-GMPVK,0-10,90+,0,0.0
9822-OAOVB,0-10,50-70,0,0.0
6161-ERDGD,50+,70-90,0,0.0
1226-JZNKR,0-10,10-30,0,0.0
7318-EIVKO,0-10,50-70,0,0.0
3771-PZOBW,20-30,90+,0,0.0
5136-KCKGI,30-40,90+,0,0.0
8231-BSWXX,50+,70-90,0,0.0
6486-LHTMA,30-40,90+,0,0.0
4083-BFNYK,30-40,90+,0,0.0
3722-WPXTK,0-10,70-90,0,0.0
7389-KBFIT,0-10,30-50,0,0.0
7176-WIONM,10-20,30-50,0,0.0
5141-ZUVBH,0-10,90+,0,0.0
1089-HDMKP,10-20,50-70,0,0.0
7623-HKYRK,0-10,10-30,0,0.0
0310-SUCIN,50+,70-90,0,0.0
5197-PYEPU,40-50,90+,0,0.0
2929-ERCFZ,0-10,90+,0,0.0
7548-SEPYI,0-10,90+,0,0.0
8835-VSDSE,0-10,70-90,0,0.0
6619-RPLQZ,40-50,10-30,0,0.0
3275-RHRNE,20-30,50-70,0,0.0
3503-TYDAY,40-50,70-90,0,0.0
6901-GOGZG,50+,70-90,0,0.0
1623-NLDOT,40-50,30-50,0,0.0
7021-XSNYE,0-10,30-50,0,0.0
9621-OUPYD,20-30,10-30,0,0.0
9898-KZQDZ,40-50,90+,0,0.0
8982-NHAVY,20-30,90+,0,0.0
4307-KWMXE,10-20,30-50,0,0.0
0141-YEAYS,20-30,70-90,0,0.0
2450-ZKEED,10-20,50-70,0,0.0
3694-DELSO,0-10,30-50,0,0.0
3893-JRNFS,50+,30-50,0,0.0
9603-OAIHC,0-10,70-90,1,70.05
1133-KXCGE,10-20,10-30,0,0.0
5236-PERKL,50+,90+,0,0.0
0142-GVYSN,20-30,10-30,0,0.0
1049-FYSYG,10-20,30-50,0,0.0
7854-FOKSF,0-10,30-50,0,0.0
2519-FAKOD,30-40,90+,0,0.0
8406-LNMHF,50+,70-90,0,0.0
1821-BUCWY,30-40,50-70,0,0.0
8263-JQAIK,0-10,10-30,0,0.0
0023-UYUPN,50+,10-30,0,0.0
8314-DPQHL,0-10,50-70,0,0.0
1465-WCZVT,0-10,10-30,0,0.0
9481-SFCQY,10-20,50-70,0,0.0
6360-SVNWV,30-40,70-90,0,0.0
0567-GGCAC,0-10,50-70,0,0.0
7089-IVVAZ,0-10,90+,0,0.0
8884-MRNSU,10-20,10-30,0,0.0
2171-UDMFD,30-40,10-30,0,0.0
9050-IKDZA,0-10,70-90,0,0.0
2205-YMZZJ,0-10,70-90,0,0.0
9802-CAQUT,50+,90+,0,0.0
1254-IZEYF,30-40,90+,0,0.0
0187-WZNAB,20-30,70-90,0,0.0
9492-TOKRI,10-20,90+,0,0.0
1475-VWVDO,0-10,70-90,1,74.9
9221-OTIVJ,10-20,90+,0,0.0
1357-MVDOZ,10-20,50-70,0,0.0
7602-MVRMB,50+,90+,0,0.0
3325-FUYCG,20-30,90+,0,0.0
5908-QMGOE,10-20,70-90,0,0.0
1197-BVMVG,0-10,70-90,1,74.45
5406-KGRMX,50+,10-30,0,0.0
8481-YYXWG,0-10,70-90,0,0.0
5968-HYJRZ,40-50,10-30,0,0.0
5198-EFNBM,50+,90+,0,0.0
7516-GMHUV,50+,90+,0,0.0
7140-ADSMJ,0-10,10-30,0,0.0
2230-XTUWL,40-50,10-30,0,0.0
7706-YLMQA,50+,10-30,0,0.0
2585-KTFRE,0-10,70-90,0,0.0
7994-UYIVZ,0-10,70-90,0,0.0
2609-IAICY,0-10,70-90,0,0.0
1740-CSDJP,0-10,30-50,0,0.0
7717-BICXI,50+,10-30,0,0.0
6559-RAKOZ,40-50,90+,0,0.0
2636-OHFMN,0-10,30-50,0,0.0
4716-MRVEN,20-30,10-30,0,0.0
2143-LJULT,50+,10-30,0,0.0
1323-OOEPC,50+,90+,0,0.0
3200-MNQTF,50+,70-90,0,0.0
6164-HXUGH,0-10,10-30,0,0.0
5630-IXDXV,40-50,90+,0,0.0
0320-DWVTU,50+,90+,0,0.0
9135-MGVPY,50+,70-90,0,0.0
1212-GLHMD,0-10,70-90,0,0.0
7878-JGDKK,0-10,30-50,0,0.0
1088-AUUZZ,50+,70-90,0,0.0
0397-GZBBC,50+,90+,0,0.0
6614-YWYSC,50+,10-30,0,0.0
9588-OZDMQ,0-10,30-50,0,0.0
7641-EUYET,40-50,90+,0,0.0
6476-EPYZR,10-20,10-30,0,0.0
9921-ZVRHG,10-20,70-90,0,0.0
1174-FGIFN,20-30,90+,0,0.0
6620-HVDUJ,20-30,50-70,0,0.0
4701-MLJPN,30-40,50-70,0,0.0
1032-MAELW,50+,70-90,0,0.0
7641-TQFHN,30-40,90+,0,0.0
1552-TKMXS,40-50,10-30,0,0.0
9206-GVPEQ,10-20,50-70,0,0.0
8622-ZLFKO,0-10,90+,1,90.75
1596-BBVTG,30-40,70-90,0,0.0
6188-UXBBR,30-40,10-30,0,0.0
2333-KWEWW,10-20,10-30,0,0.0
5702-SKUOB,0-10,10-30,0,0.0
1134-YWTYF,20-30,50-70,0,0.0
6061-GWWAV,40-50,70-90,0,0.0
0679-TDGAK,50+,70-90,0,0.0
6585-WCEWR,50+,10-30,0,0.0
9067-YGSCA,50+,10-30,0,0.0
9067-SQTNS,40-50,10-30,0,0.0
8433-WXGNA,0-10,70-90,0,0.0
1776-SPBWV,30-40,10-30,0,0.0
8735-SDUFN,50+,10-30,0,0.0
9668-PUGNU,50+,10-30,0,0.0
9405-GPBBG,50+,90+,0,0.0
1926-QUZNN,50+,10-30,0,0.0
3707-GNWHM,0-10,70-90,0,0.0
7016-NVRIC,20-30,90+,0,0.0
5829-NVSQN,20-30,50-70,0,0.0
9565-AXSMR,50+,10-30,0,0.0
8922-LIEGH,20-30,70-90,0,0.0
8869-LIHMK,50+,90+,0,0.0
8245-UMPYT,10-20,90+,0,0.0
5186-SAMNZ,0-10,50-70,0,0.0
0447-RXSGD,20-30,90+,0,0.0
4927-WWOOZ,0-10,90+,1,91.45
5788-YPOEG,30-40,70-90,0,0.0
5373-SFODM,30-40,70-90,0,0.0
0661-KBKPA,50+,70-90,0,0.0
9081-WWXKP,40-50,10-30,0,0.0
0784-ZQJZX,50+,10-30,0,0.0
3133-PZNSR,50+,90+,0,0.0
5766-ZJYBB,0-10,10-30,0,0.0
8931-GJJIQ,0-10,70-90,0,0.0
4277-PVRAN,0-10,70-90,0,0.0
0022-TCJCI,40-50,50-70,0,0.0
0722-SVSFK,0-10,90+,0,0.0
3612-YVGSJ,50+,10-30,0,0.0
9825-YCXWZ,40-50,90+,0,0.0
5397-NSKQG,50+,50-70,0,0.0
8565-HBFNN,50+,90+,0,0.0
2000-DHJUY,50+,90+,0,0.0
0203-HHYIJ,20-30,10-30,0,0.0
8670-ERCJH,50+,90+,0,0.0
7758-UJWYS,30-40,30-50,0,0.0
2050-ONYDQ,50+,10-30,0,0.0
7055-JCGNI,50+,90+,0,0.0
0739-UUAJR,50+,50-70,0,0.0
4826-DXMUP,30-40,70-90,0,0.0
0952-KMEEH,10-20,90+,0,0.0
7285-KLOTR,10-20,70-90,0,0.0
0654-PQKDW,50+,70-90,0,0.0
7175-NTIXE,20-30,70-90,0,0.0
7963-SHNDT,50+,30-50,0,0.0
9796-BPKIW,0-10,50-70,0,0.0
0188-GWFLE,0-10,10-30,0,0.0
8129-GMVGI,50+,10-30,0,0.0
2882-DDZPG,10-20,10-30,0,0.0
3547-LQRIK,40-50,10-30,0,0.0
9137-NOQKA,0-10,10-30,0,0.0
5843-TTHGI,10-20,50-70,0,0.0
1849-RJYIG,0-10,50-70,0,0.0
8868-GAGIO,40-50,70-90,0,0.0
4061-UKJWL,0-10,30-50,0,0.0
5380-XPJNZ,30-40,10-30,0,0.0
8263-QMNTJ,50+,90+,0,0.0
8178-EYZUO,40-50,90+,0,0.0
3230-JCNZS,50+,90+,0,0.0
0277-ORXQS,50+,50-70,0,0.0
5130-IEKQT,20-30,90+,0,0.0
3230-WYKIR,10-20,70-90,0,0.0
7996-BPXHY,10-20,10-30,0,0.0
3227-WLKLI,50+,90+,0,0.0
0407-BDJKB,50+,90+,0,0.0
2266-FUBDZ,10-20,10-30,0,0.0
8237-ULIXL,50+,10-30,0,0.0
9600-UDOPK,30-40,90+,0,0.0
8216-AZUUZ,40-50,90+,0,0.0
9153-BTBVV,50+,10-30,0,0.0
4074-SJFFA,0-10,50-70,0,0.0
3269-ATYWD,30-40,90+,0,0.0
5186-PEIZU,30-40,10-30,0,0.0
1074-AMIOH,50+,90+,0,0.0
4910-GMJOT,0-10,90+,0,0.0
0354-WYROK,30-40,90+,0,0.0
4361-FEBGN,40-50,10-30,0,0.0
7748-UMTRK,30-40,90+,0,0.0
0380-ZCSBI,10-20,10-30,0,0.0
7145-FEJWU,10-20,90+,0,0.0
6463-MVYRY,50+,50-70,0,0.0
3969-JQABI,50+,50-70,0,0.0
9624-EGDEQ,30-40,10-30,0,0.0
1051-EQPZR,40-50,10-30,0,0.0
5849-ASHZJ,20-30,10-30,0,0.0
5780-INQIK,0-10,30-50,0,0.0
7576-OYWBN,0-10,70-90,0,0.0
4526-ZJJTM,20-30,70-90,0,0.0
8384-FZBJK,50+,90+,0,0.0
3750-RNQKR,10-20,10-30,0,0.0
0962-CQPWQ,50+,10-30,0,0.0
3096-YXENJ,50+,90+,0,0.0
1265-BCFEO,50+,70-90,0,0.0
5837-LXSDN,20-30,50-70,0,0.0
5945-AZYHT,50+,90+,0,0.0
8325-QRPZR,0-10,70-90,1,75.15
6384-VMJHP,50+,70-90,0,0.0
2262-SLNVK,0-10,70-90,1,70.1
7730-CLDSV,50+,90+,0,0.0
1135-HIORI,50+,90+,0,0.0
0164-APGRB,50+,90+,0,0.0
6481-ESCNL,20-30,90+,0,0.0
1790-NESIO,10-20,10-30,0,0.0
1550-EENBN,30-40,90+,0,0.0
5539-TMZLF,0-10,50-70,0,0.0
4323-SADQS,0-10,30-50,0,0.0
4446-BZKHU,50+,90+,0,0.0
5202-IVJNU,30-40,30-50,0,0.0
5976-JCJRH,10-20,70-90,0,0.0
8198-RKSZG,10-20,70-90,0,0.0
0137-OCGAB,0-10,70-90,0,0.0
3351-NQLDI,50+,90+,0,0.0
9297-EONCV,50+,90+,0,0.0
7593-JNWRU,0-10,30-50,0,0.0
4588-YBNIB,0-10,10-30,0,0.0
1069-QJOEE,20-30,10-30,0,0.0
3336-JORSO,30-40,90+,0,0.0
7799-DSEWS,10-20,50-70,0,0.0
8766-PAFNE,50+,70-90,0,0.0
5315-CKEQK,20-30,50-70,0,0.0
3130-ICDUP,0-10,70-90,0,0.0
0820-FNRNX,10-20,50-70,0,0.0
0880-FVFWF,50+,70-90,0,0.0
4611-ANLQC,50+,50-70,0,0.0
4213-HKBJO,30-40,10-30,0,0.0
2792-LSHWX,0-10,70-90,0,0.0
5028-GZLDO,0-10,70-90,0,0.0
0014-BMAQU,50+,70-90,0,0.0
6861-XWTWQ,0-10,90+,0,0.0
9018-PCIOK,50+,50-70,0,0.0
4837-QUSFT,50+,90+,0,0.0
6877-TJMBR,0-10,70-90,0,0.0
9953-ZMKSM,50+,10-30,0,0.0
0907-HQNTS,50+,90+,0,0.0
7665-NKLAV,30-40,30-50,0,0.0
6769-DCQLI,50+,90+,0,0.0
2433-KMEAS,20-30,50-70,0,0.0
4391-LNRXK,20-30,90+,0,0.0
8250-ZNGGW,0-10,50-70,0,0.0
2195-ZRVAX,40-50,70-90,0,0.0
3550-SAHFP,30-40,70-90,0,0.0
2011-TRQYE,10-20,30-50,0,0.0
8562-GHPPI,0-10,10-30,0,0.0
5893-PYOLZ,50+,70-90,0,0.0
4986-MXSFP,0-10,10-30,0,0.0
6131-FOYAS,30-40,50-70,0,0.0
3027-YNWZU,50+,10-30,0,0.0
5609-IMCGG,10-20,70-90,0,0.0
4873-ILOLJ,20-30,90+,0,0.0
4727-MCYZG,0-10,50-70,0,0.0
9481-WHGWY,50+,70-90,0,0.0
2725-KXXWT,0-10,90+,0,0.0
9565-DJPIB,0-10,70-90,0,0.0
4328-VUFWD,30-40,50-70,0,0.0
3301-LSLWQ,20-30,50-70,0,0.0
7473-ZBDSN,10-20,10-30,0,0.0
3166-PNEOF,50+,70-90,0,0.0
5639-NTUPK,10-20,50-70,0,0.0
8780-YRMTT,50+,30-50,0,0.0
8348-HFYIV,0-10,30-50,0,0.0
5140-FOMCQ,50+,90+,0,0.0
6242-SGYTS,50+,90+,0,0.0
8166-ORCHU,30-40,90+,0,0.0
8414-OOEEL,50+,70-90,0,0.0
8454-AATJP,50+,90+,0,0.0
6849-WLEYG,0-10,10-30,0,0.0
4659-NZRUF,10-20,90+,0,0.0
4531-AUZNK,50+,90+,0,0.0
4191-XOVOM,50+,90+,0,0.0
2150-OEGBV,20-30,10-30,0,0.0
8429-XIBUM,20-30,90+,0,0.0
1855-CFULU,0-10,10-30,0,0.0
4878-BUNFV,40-50,10-30,0,0.0
1872-EBWSC,20-30,10-30,0,0.0
2608-BHKFN,0-10,70-90,0,0.0
7026-YMSBE,30-40,10-30,0,0.0
7341-LXCAF,0-10,70-90,0,0.0
6997-UVGOX,50+,70-90,0,0.0
9674-EHPPG,40-50,30-50,0,0.0
9462-MJUAW,0-10,50-70,0,0.0
8128-YVJRG,0-10,70-90,0,0.0
5440-VHLUL,50+,90+,0,0.0
5781-BKHOP,50+,90+,0,0.0
4283-FUTGF,10-20,70-90,0,0.0
5213-TWWJU,20-30,90+,0,0.0
1569-TTNYJ,0-10,70-90,0,0.0
8628-MFKAX,50+,90+,0,0.0
2397-BRLOM,0-10,70-90,0,0.0
7629-WIXZF,0-10,50-70,0,0.0
5445-GLVOT,20-30,30-50,0,0.0
3976-HXHCE,50+,10-30,0,0.0
2466-NEJOJ,0-10,10-30,0,0.0
0254-KCJGT,50+,70-90,0,0.0
5472-CVMDX,50+,30-50,0,0.0
6461-SZMCV,50+,70-90,0,0.0
8150-QUDFX,0-10,10-30,0,0.0
9508-ILZDG,30-40,90+,0,0.0
2346-DJQTB,30-40,10-30,0,0.0
1697-LYYYX,50+,10-30,0,0.0
1942-OQFRW,0-10,30-50,0,0.0
4749-VFKVB,0-10,50-70,0,0.0
9640-ZSLDC,50+,50-70,0,0.0
4231-LZUYM,50+,10-30,0,0.0
7598-UAASY,0-10,70-90,0,0.0
7938-OUHIO,0-10,90+,0,0.0
8510-AWCXC,10-20,90+,0,0.0
6128-AQBMT,40-50,50-70,0,0.0
3594-BDSOA,20-30,10-30,0,0.0
0431-APWVY,20-30,90+,0,0.0
5133-VRSAB,0-10,10-30,0,0.0
5996-DAOQL,0-10,10-30,0,0.0
6838-YAUVY,50+,90+,0,0.0
0484-JPBRU,40-50,10-30,0,0.0
7883-ROJOC,10-20,30-50,0,0.0
0244-LGNFY,50+,90+,0,0.0
7274-CGTOD,50+,30-50,0,0.0
4295-YURET,50+,70-90,0,0.0
3426-NIYYL,10-20,50-70,0,0.0
8225-BTJAU,10-20,70-90,0,0.0
4635-EJYPD,30-40,10-30,0,0.0
1866-ZSLJM,20-30,10-30,0,0.0
4636-TVXVG,50+,10-30,0,0.0
4236-UJPWO,0-10,10-30,0,0.0
9392-XBGTD,20-30,10-30,0,0.0
3387-VATUS,0-10,90+,0,0.0
6402-SSEJG,20-30,50-70,0,0.0
1143-NMNQJ,0-10,70-90,0,0.0
1169-SAOCL,40-50,90+,0,0.0
1110-KYLGQ,50+,90+,0,0.0
9929-PLVPA,0-10,10-30,0,0.0
3518-PZXZQ,0-10,50-70,0,0.0
2371-JUNGC,10-20,10-30,0,0.0
7693-QPEFS,50+,70-90,0,0.0
0924-BJCRC,50+,70-90,0,0.0
5074-FBGHB,50+,90+,0,0.0
2351-BKRZW,40-50,70-90,0,0.0
4455-BFSPD,50+,90+,0,0.0
0415-MOSGF,0-10,30-50,0,0.0
1724-BQUHA,0-10,70-90,0,0.0
3948-KXDUF,50+,50-70,0,0.0
2323-ARSVR,50+,90+,0,0.0
0815-MFZGM,40-50,90+,0,0.0
4826-XTSOH,0-10,70-90,0,0.0
5480-XTFFL,30-40,10-30,0,0.0
8295-FHIVV,0-10,10-30,0,0.0
2495-INZWQ,0-10,30-50,0,0.0
9086-YJYXS,30-40,70-90,0,0.0
1179-INLAT,0-10,10-30,0,0.0
7909-FIOIY,10-20,10-30,0,0.0
4139-SUGLD,30-40,30-50,0,0.0
6857-VWJDT,0-10,90+,0,0.0
6351-SCJKT,0-10,30-50,0,0.0
5468-BPMMO,40-50,10-30,0,0.0
5624-BQSSA,0-10,10-30,0,0.0
0197-PNKNK,50+,70-90,0,0.0
2439-QKJUL,0-10,10-30,0,0.0
1194-SPVSP,0-10,10-30,0,0.0
9534-NSXEM,20-30,10-30,0,0.0
2408-WITXK,10-20,30-50,0,0.0
8929-KSWIH,20-30,90+,0,0.0
2250-IVBWA,50+,70-90,0,0.0
1810-MVMAI,30-40,50-70,0,0.0
9506-UXUSK,10-20,70-90,0,0.0
1229-RCALF,50+,90+,0,0.0
3572-UOLYZ,40-50,70-90,0,0.0
1429-UYJSV,10-20,10-30,0,0.0
5577-OTWWW,10-20,10-30,0,0.0
6100-QQHEB,10-20,90+,0,0.0
6366-XIVKZ,10-20,50-70,0,0.0
3470-OBUET,50+,70-90,0,0.0
2770-NSVDG,20-30,10-30,0,0.0
9375-MHRRS,0-10,50-70,0,0.0
2634-HCZGT,50+,50-70,0,0.0
7503-QQRVF,10-20,70-90,0,0.0
4860-YZGZM,10-20,10-30,0,0.0
6599-GZWCM,10-20,70-90,0,0.0
2691-NZETQ,0-10,70-90,0,0.0
4404-HIBDJ,20-30,70-90,0,0.0
5533-NHFRF,0-10,30-50,0,0.0
7037-MTYVW,30-40,70-90,0,0.0
4760-THGOT,40-50,90+,0,0.0
7295-JOMMD,0-10,90+,0,0.0
4016-BJKTZ,20-30,90+,0,0.0
6584-VQMYT,20-30,50-70,0,0.0
9838-BFCQT,50+,10-30,0,0.0
2790-XUYMV,50+,70-90,0,0.0
0581-MDMPW,20-30,70-90,0,0.0
5013-SBUIH,50+,90+,0,0.0
1023-BQXZE,50+,70-90,0,0.0
9163-GHAYE,10-20,30-50,0,0.0
3904-UKFRE,0-10,70-90,1,80.1
5353-WILCI,20-30,50-70,0,0.0
0709-TVGUR,0-10,70-90,0,0.0
0058-EVZWM,50+,70-90,0,0.0
6023-YEBUP,0-10,90+,0,0.0
7209-JCUDS,10-20,90+,0,0.0
7009-PCARS,50+,10-30,0,0.0
0519-DRGTI,20-30,10-30,0,0.0
1017-FBQMM,50+,90+,0,0.0
3001-CBHLQ,30-40,90+,0,0.0
1985-MBRYP,40-50,10-30,0,0.0
6158-DWPZT,0-10,10-30,0,0.0
9372-TXXPS,50+,50-70,0,0.0
3259-QMXUN,50+,70-90,0,0.0
1015-JPFYW,0-10,10-30,0,0.0
6645-MXQJT,0-10,90+,1,97.1
4360-QRAVE,30-40,30-50,0,0.0
8433-WPJTV,50+,90+,0,0.0
5804-JMYIO,30-40,10-30,0,0.0
3763-GCZHZ,50+,90+,0,0.0
6484-LATFU,50+,10-30,0,0.0
7599-NTMDP,50+,30-50,0,0.0
0772-GYEQQ,0-10,70-90,0,0.0
0536-ACXIP,50+,90+,0,0.0
0936-NQLJU,40-50,10-30,0,0.0
4831-EOBFE,20-30,90+,0,0.0
1575-KRZZE,0-10,50-70,0,0.0
3251-YMVWZ,50+,10-30,0,0.0
4102-OQUPX,0-10,70-90,0,0.0
9170-GYZJC,40-50,70-90,0,0.0
4884-LEVMQ,30-40,10-30,0,0.0
8857-CUPFQ,50+,10-30,0,0.0
7610-TVOPG,10-20,10-30,0,0.0
3638-DIMPH,10-20,30-50,0,0.0
1845-ZLLIG,0-10,50-70,0,0.0
8559-WNQZS,0-10,10-30,0,0.0
3999-QGRJH,0-10,50-70,0,0.0
1699-UOTXU,50+,50-70,0,0.0
2454-RPBRZ,10-20,90+,0,0.0
0635-WKOLD,40-50,70-90,0,0.0
5993-JSUWV,50+,50-70,0,0.0
4518-FZBSX,40-50,10-30,0,0.0
5387-ASZNZ,50+,50-70,0,0.0
6988-CJEYV,40-50,90+,0,0.0
2002-MZHWP,0-10,10-30,0,0.0
3097-FQTVJ,40-50,10-30,0,0.0
5465-BUBFA,40-50,10-30,0,0.0
7299-GNVPL,20-30,70-90,0,0.0
9743-DQKQW,0-10,10-30,0,0.0
1215-VFYVK,0-10,30-50,0,0.0
9371-BITHB,50+,10-30,0,0.0
2265-CYWIV,0-10,90+,0,0.0
9093-FPDLG,10-20,90+,1,94.2
0541-FITGH,0-10,50-70,0,0.0
6985-HAYWX,20-30,70-90,0,0.0
7508-KBIMB,20-30,50-70,0,0.0
6838-HVLXG,10-20,10-30,0,0.0
2277-DJJDL,50+,90+,0,0.0
1897-OKVMW,50+,90+,0,0.0
5485-ITNPC,50+,70-90,0,0.0
0233-FTHAV,50+,70-90,0,0.0
4644-PIZRT,10-20,70-90,0,0.0
8922-NPKBJ,40-50,10-30,0,0.0
2740-TVLFN,0-10,50-70,0,0.0
7771-CFQRQ,40-50,50-70,0,0.0
9512-PHSMG,10-20,10-30,0,0.0
6963-EZQEE,50+,70-90,0,0.0
2452-KDRRH,50+,90+,0,0.0
2004-OCQXK,0-10,70-90,0,0.0
5027-QPKTE,0-10,50-70,0,0.0
4146-SVFUD,0-10,30-50,0,0.0
1564-HJUVY,0-10,50-70,0,0.0
3617-XLSGQ,50+,90+,0,0.0
7517-LDMPS,10-20,70-90,1,84.6
7244-KXYZN,20-30,10-30,0,0.0
5226-NOZFC,20-30,70-90,0,0.0
2672-HUYVI,0-10,90+,0,0.0
1400-WIVLL,50+,90+,0,0.0
7508-MYBOG,10-20,70-90,0,0.0
8148-NLEGT,40-50,10-30,0,0.0
0148-DCDOS,20-30,90+,0,0.0
8347-GDTMP,50+,10-30,0,0.0
9992-RRAMN,20-30,70-90,0,0.0
6746-WAUWT,10-20,10-30,0,0.0
0310-MVLET,50+,90+,0,0.0
0428-IKYCP,20-30,70-90,0,0.0
4550-VBOFE,50+,90+,0,0.0
2187-PKZAY,10-20,70-90,0,0.0
4003-OCTMP,30-40,50-70,0,0.0
6652-YFFJO,10-20,50-70,0,0.0
7225-IILWY,50+,10-30,0,0.0
5248-RPYWW,50+,90+,0,0.0
7923-IYJWY,50+,90+,0,0.0
3170-GWYKC,50+,90+,0,0.0
5696-QURRL,0-10,30-50,0,0.0
7409-KIUTL,0-10,70-90,0,0.0
9830-ECLEN,50+,50-70,0,0.0
1732-VHUBQ,40-50,70-90,0,0.0
0495-RVCBF,0-10,70-90,0,0.0
2668-TZSPS,0-10,10-30,0,0.0
7854-EDSSA,20-30,50-70,0,0.0
8869-TORSS,40-50,50-70,0,0.0
7446-SFAOA,30-40,10-30,0,0.0
9522-ZSINC,10-20,10-30,0,0.0
8234-GSZYK,40-50,10-30,0,0.0
6505-OZNPG,0-10,50-70,0,0.0
6164-HAQTX,50+,50-70,0,0.0
0679-IDSTG,0-10,50-70,0,0.0
7765-LWVVH,50+,90+,0,0.0
1658-TJVOA,0-10,70-90,1,74.1
0953-LGOVU,10-20,30-50,0,0.0
2115-BFTIW,20-30,70-90,0,0.0
4692-NNQRU,20-30,70-90,0,0.0
7742-MYPGI,0-10,30-50,0,0.0
0611-DFXKO,20-30,70-90,0,0.0
7780-OTDSO,10-20,90+,0,0.0
9619-GSATL,40-50,50-70,0,0.0
5622-UEJFI,30-40,10-30,0,0.0
9747-DDZOS,0-10,70-90,0,0.0
0674-DGMAQ,30-40,90+,0,0.0
6203-HBZPA,50+,50-70,0,0.0
0484-FFVBJ,30-40,50-70,0,0.0
0301-FIDRB,50+,50-70,0,0.0
4139-JPIAM,50+,30-50,0,0.0
2181-TIDSV,50+,10-30,0,0.0
2761-XECQW,0-10,30-50,0,0.0
1936-CZAKF,40-50,30-50,0,0.0
9453-PATOS,50+,70-90,0,0.0
0564-JJHGS,0-10,90+,0,0.0
3348-CFRNX,20-30,90+,0,0.0
4402-FTBXC,50+,70-90,0,0.0
1428-GTBJJ,10-20,70-90,0,0.0
2931-XIQBR,50+,90+,0,0.0
0106-UGRDO,50+,90+,0,0.0
5542-TBBWB,0-10,50-70,1,69.9
1930-QPBVZ,50+,90+,0,0.0
2606-PKWJB,40-50,30-50,0,0.0
5322-ZSMZY,30-40,10-30,0,0.0
8059-UDZFY,30-40,90+,0,0.0
7740-BTPUX,50+,90+,0,0.0
5220-AGAAX,50+,10-30,0,0.0
0208-BPQEJ,10-20,10-30,0,0.0
9435-JMLSX,50+,70-90,0,0.0
3352-ALMCK,40-50,90+,0,0.0
5312-IRCFR,50+,90+,0,0.0
5294-IMHHT,50+,90+,0,0.0
8802-UNOJF,10-20,70-90,0,0.0
6313-GIDIT,50+,50-70,0,0.0
6176-YJWAS,50+,90+,0,0.0
5310-NOOVA,40-50,10-30,0,0.0
4526-EXKKN,40-50,10-30,0,0.0
5311-IHLEI,10-20,50-70,0,0.0
3987-KQDDU,0-10,70-90,1,75.6
3404-JNXAX,50+,70-90,0,0.0
5131-PONJI,40-50,90+,0,0.0
2845-AFFTX,40-50,90+,0,0.0
3489-VSFRD,50+,50-70,0,0.0
3345-JHUEO,0-10,10-30,0,0.0
5815-HGGHV,20-30,50-70,0,0.0
5260-UMPWX,20-30,10-30,0,0.0
2249-YPRNG,20-30,90+,0,0.0
7410-YTJIK,0-10,70-90,0,0.0
4626-GYCZP,0-10,90+,0,0.0
5649-RXQTV,50+,90+,0,0.0
2674-MIAHT,0-10,70-90,0,0.0
2576-HXMPA,0-10,10-30,0,0.0
7587-AOVVU,20-30,90+,0,0.0
5590-BYNII,20-30,90+,0,0.0
6898-MDLZW,10-20,50-70,0,0.0
3237-AJGEH,0-10,30-50,0,0.0
4707-YNOQA,30-40,10-30,0,0.0
9357-UJRUN,20-30,50-70,0,0.0
1591-NFNLQ,50+,70-90,0,0.0
8648-PFRMP,10-20,30-50,0,0.0
7663-CUXZB,50+,90+,0,0.0
0258-NOKBL,0-10,90+,1,90.4
1163-VIPRI,50+,90+,0,0.0
2815-CPTUL,0-10,70-90,0,0.0
9348-ROUAI,50+,90+,0,0.0
9443-JUBUO,50+,50-70,0,0.0
0596-BQCEQ,50+,90+,0,0.0
1481-ZUWZA,20-30,90+,0,0.0
3043-TYBNO,0-10,50-70,0,0.0
4830-FAXFM,10-20,10-30,0,0.0
5906-BFOZT,0-10,10-30,0,0.0
2960-NKRSO,20-30,70-90,0,0.0
8996-ZROXE,50+,50-70,0,0.0
5598-IKHQQ,50+,10-30,0,0.0
0397-ZXWQF,50+,10-30,0,0.0
5266-PFRQK,50+,10-30,0,0.0
4674-HGNUA,50+,70-90,0,0.0
6765-MBQNU,20-30,10-30,0,0.0
9786-IJYDL,30-40,90+,0,0.0
1303-SRDOK,50+,50-70,0,0.0
3769-MHZNV,30-40,10-30,0,0.0
6295-OSINB,50+,90+,0,0.0
3308-MHOOC,0-10,10-30,0,0.0
2309-OSFEU,10-20,30-50,0,0.0
2207-QPJED,30-40,90+,0,0.0
4177-JPDFU,10-20,30-50,0,0.0
2239-CFOUJ,0-10,10-30,0,0.0
8046-DNVTL,50+,30-50,0,0.0
2209-XADXF,0-10,10-30,0,0.0
6620-JDYNW,10-20,50-70,0,0.0
1891-FZYSA,50+,70-90,0,0.0
4770-UEZOX,0-10,70-90,1,74.75
1038-RQOST,10-20,10-30,0,0.0
7613-LLQFO,10-20,70-90,0,0.0
4568-TTZRT,0-10,10-30,0,0.0
9513-DXHDA,20-30,70-90,0,0.0
2640-PMGFL,20-30,70-90,0,0.0
3801-HMYNL,0-10,70-90,0,0.0
0516-QREYC,20-30,10-30,0,0.0
9685-WKZGT,10-20,70-90,0,0.0
6022-UGGSO,30-40,70-90,0,0.0
8084-OIVBS,10-20,10-30,0,0.0
8896-BQTTI,0-10,10-30,0,0.0
3865-QBWSJ,30-40,70-90,0,0.0
3352-RICWQ,0-10,10-30,0,0.0
2160-GPFXD,50+,50-70,0,0.0
2065-MMKGR,20-30,70-90,0,0.0
5857-TYBCJ,40-50,70-90,0,0.0
1498-NHTLT,50+,70-90,0,0.0
4484-CGXFK,0-10,50-70,0,0.0
1402-PTHGN,10-20,50-70,0,0.0
4176-RELJR,50+,10-30,0,0.0
6214-EDAKZ,20-30,50-70,0,0.0
5199-FPUSP,30-40,30-50,0,0.0
6377-KSLXC,0-10,10-30,0,0.0
1796-JANOW,0-10,10-30,0,0.0
0238-WHBIQ,50+,70-90,0,0.0
8735-NBLWT,0-10,10-30,0,0.0
6651-RLGGM,50+,10-30,0,0.0
6127-ISGTU,10-20,70-90,0,0.0
1614-JBEBI,0-10,10-30,0,0.0
8740-XLHDR,0-10,30-50,0,0.0
1208-DNHLN,20-30,30-50,0,0.0
1761-AEZZR,0-10,70-90,0,0.0
3923-CSIHK,50+,70-90,0,0.0
5696-EXCYS,10-20,10-30,0,0.0
5795-KTGUD,50+,90+,0,0.0
7120-RFMVS,0-10,70-90,0,0.0
7924-GJZFI,20-30,50-70,0,0.0
4702-HDRKD,50+,30-50,0,0.0
8512-WIWYV,30-40,10-30,0,0.0
5897-ZYEKH,50+,90+,0,0.0
5456-ITGIC,50+,50-70,0,0.0
7317-GGVPB,50+,90+,0,0.0
1406-PUQVY,0-10,30-50,0,0.0
1322-AGOQM,40-50,30-50,0,0.0
3677-IYRBF,0-10,30-50,0,0.0
5692-FPTAH,0-10,30-50,0,0.0
9114-AAFQH,40-50,50-70,0,0.0
8715-KKTFG,50+,90+,0,0.0
1550-LOAHA,30-40,70-90,0,0.0
1728-BQDMA,0-10,30-50,0,0.0
0268-QKIWO,0-10,10-30,0,0.0
0876-WDUUZ,0-10,70-90,0,0.0
5117-ZSMHQ,50+,70-90,0,0.0
5151-HQRDG,30-40,50-70,0,0.0
0960-HUWBM,50+,90+,0,0.0
6465-GSRCL,50+,90+,0,0.0
0617-FHSGK,40-50,70-90,0,0.0
0263-FJTQO,50+,70-90,0,0.0
7319-ZNRTR,20-30,10-30,0,0.0
2858-MOFSQ,10-20,50-70,0,0.0
7503-EPSZW,50+,10-30,0,0.0
7089-XXAYG,20-30,30-50,0,0.0
8118-LSUEL,20-30,90+,0,0.0
8070-AAWZP,20-30,30-50,0,0.0
1666-JXLKU,30-40,90+,0,0.0
7855-DIWPO,20-30,50-70,0,0.0
5133-POWUA,0-10,30-50,0,0.0
5652-MSDEY,10-20,70-90,0,0.0
7005-CCBKV,0-10,70-90,0,0.0
1810-BOHSY,50+,90+,0,0.0
1784-BXEFA,10-20,10-30,0,0.0
7351-MHQVU,0-10,50-70,0,0.0
9224-VTYID,40-50,90+,0,0.0
9500-IWPXQ,50+,70-90,0,0.0
5762-TJXGK,50+,50-70,0,0.0
4504-YOULA,30-40,50-70,0,0.0
5569-IDSEY,50+,90+,0,0.0
4250-FDVOU,0-10,50-70,0,0.0
7284-ZZLOH,40-50,50-70,0,0.0
5277-ZLOOR,0-10,70-90,0,0.0
2141-RRYGO,0-10,50-70,0,0.0
1777-JYQPJ,0-10,10-30,0,0.0
6376-GAHQE,0-10,70-90,0,0.0
3401-URHDA,50+,50-70,0,0.0
1599-EAHXY,50+,10-30,0,0.0
8631-XVRZL,0-10,10-30,0,0.0
5052-PNLOS,0-10,90+,0,0.0
3853-LYGAM,10-20,90+,0,0.0
6979-ZNSFF,0-10,70-90,0,0.0
5751-USDBL,40-50,70-90,0,0.0
5680-LQOGP,50+,70-90,0,0.0
2386-LAHRK,0-10,50-70,0,0.0
8189-DUKMV,0-10,10-30,0,0.0
6032-IGALN,0-10,10-30,0,0.0
9931-DCEZH,20-30,50-70,0,0.0
1898-JSNDC,30-40,50-70,0,0.0
0315-LVCRK,10-20,70-90,1,84.8
3911-RSNHI,50+,50-70,0,0.0
2410-CIYFZ,0-10,10-30,0,0.0
4248-HCETZ,30-40,70-90,0,0.0
5505-OVWQW,10-20,10-30,0,0.0
7271-AJDTL,50+,90+,0,0.0
1867-TJHTS,50+,70-90,0,0.0
0516-WJVXC,0-10,50-70,0,0.0
9174-FKWZE,0-10,10-30,0,0.0
6860-YRJZP,0-10,70-90,1,74.05
4429-WYGFR,20-30,30-50,0,0.0
2817-LVCPP,50+,10-30,0,0.0
5038-ETMLM,50+,90+,0,0.0
5056-FIMPT,40-50,90+,0,0.0
4521-WFJAI,50+,10-30,0,0.0
6569-KTMDU,0-10,10-30,0,0.0
8809-RIHDD,50+,90+,0,0.0
8809-XKHMD,50+,90+,0,0.0
0396-YCHWO,30-40,90+,0,0.0
0867-LDTTC,0-10,70-90,0,0.0
4822-NGOCH,10-20,70-90,0,0.0
9391-DXGGG,40-50,70-90,0,0.0
9844-FELAJ,50+,90+,0,0.0
2122-SZZZD,40-50,10-30,0,0.0
5307-DZCVC,30-40,70-90,0,0.0
3148-AOIQT,50+,10-30,0,0.0
8679-JOEVF,10-20,50-70,0,0.0
8395-ETZKQ,50+,10-30,0,0.0
6692-YQHXC,10-20,50-70,0,0.0
3889-VWBID,50+,70-90,0,0.0
5222-JCXZT,0-10,10-30,0,0.0
9754-CLVZW,20-30,30-50,0,0.0
1432-FPAXX,20-30,30-50,0,0.0
2739-CCZMB,0-10,10-30,0,0.0
7080-TNUWP,50+,90+,0,0.0
0496-AHOOK,20-30,70-90,0,0.0
8336-TAVKX,50+,70-90,0,0.0
2468-SJFLM,0-10,70-90,0,0.0
3181-VTHOE,50+,50-70,0,0.0
7168-HDQHG,30-40,10-30,0,0.0
4803-AXVYP,30-40,90+,0,0.0
3884-HCSWG,10-20,70-90,0,0.0
4567-AKPIA,40-50,90+,0,0.0
5077-DXTCG,0-10,30-50,0,0.0
1142-WACZW,0-10,10-30,0,0.0
7901-HXJVA,10-20,70-90,0,0.0
5649-ANRML,0-10,90+,0,0.0
4892-VLANZ,0-10,10-30,0,0.0
5924-IFQTT,10-20,70-90,0,0.0
7968-QUXNS,0-10,10-30,0,0.0
2919-HBCJO,0-10,70-90,0,0.0
4236-XPXAV,0-10,90+,0,0.0
8903-WMRNW,10-20,90+,0,0.0
2452-SNHFZ,40-50,70-90,0,0.0
3629-WEAAM,0-10,50-70,0,0.0
6029-CSMJE,10-20,10-30,0,0.0
7993-NQLJE,10-20,70-90,0,0.0
9909-DFRJA,20-30,90+,0,0.0
9099-FTUHS,20-30,50-70,0,0.0
0581-BXBUB,0-10,70-90,1,72.75
4962-CHQPW,20-30,10-30,0,0.0
9467-ROOLM,20-30,10-30,0,0.0
3030-YZADT,0-10,30-50,0,0.0
7410-KTVFV,10-20,30-50,0,0.0
5150-ITWWB,0-10,90+,1,94.85
2253-KPMNB,50+,30-50,0,0.0
1345-ZUKID,10-20,10-30,0,0.0
6429-SHBCB,10-20,50-70,0,0.0
9281-OFDMF,30-40,90+,0,0.0
2603-HVKCG,30-40,90+,0,0.0
1834-WULEG,20-30,10-30,0,0.0
9097-ZUBYC,10-20,30-50,0,0.0
5148-ORICT,50+,70-90,0,0.0
4893-GYUJU,50+,10-30,0,0.0
4578-PHJYZ,50+,50-70,0,0.0
7272-QDCKA,20-30,90+,0,0.0
8908-SLFCJ,20-30,10-30,0,0.0
8393-DLHGA,20-30,90+,0,0.0
9766-HGEDE,10-20,10-30,0,0.0
6968-MHOMU,50+,30-50,0,0.0
7395-IGJOS,10-20,70-90,0,0.0
5044-XDPYX,50+,10-30,0,0.0
1814-WFGVS,50+,30-50,0,0.0
2834-SPCJV,50+,70-90,0,0.0
3721-WKIIL,20-30,10-30,0,0.0
6734-CKRSM,0-10,10-30,0,0.0
1265-ZFOSD,50+,70-90,0,0.0
6568-POCUI,40-50,90+,0,0.0
7890-VYYWG,0-10,30-50,0,0.0
5197-LQXXH,50+,70-90,0,0.0
9907-SWKKF,0-10,10-30,0,0.0
3457-PQBYH,50+,10-30,0,0.0
7682-AZNDK,30-40,70-90,0,0.0
0587-DMGBH,0-10,30-50,0,0.0
5384-ZTTWP,10-20,10-30,0,0.0
3745-HRPHI,50+,50-70,0,0.0
7636-OWBPG,10-20,10-30,0,0.0
1231-YNDEK,50+,10-30,0,0.0
1407-DIGZV,0-10,10-30,0,0.0
6397-JNZZG,40-50,50-70,0,0.0
0570-BFQHT,0-10,70-90,1,80.55
4393-OBCRR,0-10,10-30,0,0.0
3523-QRQLL,20-30,50-70,0,0.0
8564-LDKFL,40-50,90+,0,0.0
3696-DFHHB,50+,10-30,0,0.0
0895-DQHEW,50+,90+,0,0.0
4717-GHADL,50+,70-90,0,0.0
5501-TVMGM,0-10,50-70,0,0.0
5879-HMFFH,50+,70-90,0,0.0
6772-WFQRD,40-50,10-30,0,0.0
3810-DVDQQ,50+,90+,0,0.0
6972-SNKKW,0-10,10-30,0,0.0
3694-GLTJM,0-10,10-30,0,0.0
8550-XSXUQ,40-50,70-90,0,0.0
8149-RSOUN,0-10,90+,0,0.0
9055-MOJJJ,50+,50-70,0,0.0
4359-INNWN,10-20,10-30,0,0.0
0585-EGDDA,40-50,70-90,0,0.0
4032-RMHCI,40-50,30-50,0,0.0
0549-CYCQN,50+,70-90,0,0.0
3481-JHUZH,40-50,70-90,0,0.0
7250-EQKIY,0-10,50-70,0,0.0
3594-IVHJZ,0-10,10-30,0,0.0
6869-FGJJC,50+,70-90,0,0.0
3896-ZVNET,20-30,10-30,0,0.0
8205-VSLRB,50+,70-90,0,0.0
5960-MVTUK,0-10,10-30,0,0.0
6817-WTYHE,0-10,30-50,0,0.0
3082-VQXNH,0-10,10-30,0,0.0
4013-UBXWQ,0-10,70-90,0,0.0
4931-TRZWN,10-20,70-90,0,0.0
0750-EKNGL,0-10,10-30,0,0.0
7669-LCRSD,10-20,50-70,0,0.0
3567-PQTSO,50+,90+,0,0.0
5519-NPHVG,10-20,90+,0,0.0
8043-PNYSD,50+,10-30,0,0.0
9938-EKRGF,10-20,70-90,0,0.0
2703-AMTUL,30-40,50-70,0,0.0
0928-JMXNP,0-10,10-30,0,0.0
8173-RXAYP,20-30,10-30,0,0.0
4825-XJGDM,50+,30-50,0,0.0
5402-HTOTQ,10-20,50-70,0,0.0
6734-JDTTV,50+,10-30,0,0.0
7850-THJMU,20-30,10-30,0,0.0
3890-RTCMS,10-20,30-50,0,0.0
8849-GYOKR,50+,90+,0,0.0
3148-BLQJT,0-10,10-30,0,0.0
3717-FDJFU,0-10,10-30,0,0.0
3665-JATSN,10-20,30-50,0,0.0
7966-YOTQW,10-20,50-70,0,0.0
0461-CVKMU,20-30,70-90,0,0.0
8806-EAGWC,0-10,50-70,0,0.0
8853-TZDGH,50+,90+,0,0.0
7779-LGOVN,10-20,70-90,0,0.0
4324-BZCKL,10-20,50-70,0,0.0
6924-TDGMT,10-20,10-30,0,0.0
9710-ZUSHQ,30-40,90+,0,0.0
1536-YHDOE,10-20,50-70,0,0.0
8123-QBNAZ,30-40,90+,0,0.0
3629-ZNKXA,10-20,90+,0,0.0
4827-LTQRJ,50+,90+,0,0.0
7711-YIJWC,50+,70-90,0,0.0
5482-VXSXJ,20-30,90+,0,0.0
7365-BVCJH,0-10,10-30,0,0.0
9620-ENEJV,0-10,70-90,0,0.0
4183-WCSEP,30-40,70-90,0,0.0
2378-YIZKA,50+,70-90,0,0.0
5498-TXHLF,30-40,70-90,0,0.0
0689-DSXGL,50+,70-90,0,0.0
6818-DJXAA,10-20,90+,1,91.1
9722-UJOJR,20-30,70-90,0,0.0
0464-WJTKO,50+,10-30,0,0.0
8902-ZEOVF,40-50,10-30,0,0.0
6778-EICRF,20-30,70-90,0,0.0
2662-NNTDK,50+,10-30,0,0.0
4132-KALRO,0-10,90+,0,0.0
3902-FOIGH,10-20,90+,0,0.0
6772-KSATR,0-10,70-90,0,0.0
7112-OPOTK,30-40,50-70,0,0.0
2874-YXVVA,30-40,90+,0,0.0
1245-HARPS,10-20,10-30,0,0.0
4210-QFJMF,0-10,70-90,0,0.0
4323-ELYYB,10-20,10-30,0,0.0
4293-ETKAP,50+,70-90,0,0.0
6064-PUPMC,20-30,50-70,0,0.0
6504-VBLFL,50+,50-70,0,0.0
6322-PJJDJ,40-50,90+,0,0.0
0330-BGYZE,50+,90+,0,0.0
1085-LDWAM,50+,10-30,0,0.0
7586-ZATGZ,40-50,70-90,0,0.0
7197-VOJMM,50+,50-70,0,0.0
3318-OSATS,30-40,90+,0,0.0
5828-AVIPD,10-20,90+,0,0.0
1843-TLSGD,10-20,10-30,0,0.0
9626-VFRGG,40-50,70-90,0,0.0
7075-BNDVQ,0-10,30-50,0,0.0
9143-CANJF,20-30,50-70,0,0.0
7284-BUYEC,0-10,50-70,0,0.0
2041-JIJCI,0-10,50-70,0,0.0
1086-LXKFY,0-10,50-70,0,0.0
4900-MSOMT,50+,70-90,0,0.0
2229-VWQJH,20-30,30-50,0,0.0
9194-GFVOI,40-50,70-90,0,0.0
1336-EZFZY,0-10,10-30,0,0.0
4282-MSACW,50+,90+,0,0.0
1403-LKLIK,30-40,10-30,0,0.0
2636-ALXXZ,0-10,50-70,0,0.0
7774-OJSXI,30-40,90+,0,0.0
7786-WBJYI,0-10,70-90,0,0.0
0136-IFMYD,50+,90+,0,0.0
5144-TVGLP,30-40,90+,0,0.0
9643-AVVWI,0-10,70-90,1,80.0
0253-ZTEOB,40-50,70-90,0,0.0
2706-QZIHY,10-20,10-30,0,0.0
6061-PQHMK,20-30,10-30,0,0.0
9885-CSMWE,0-10,70-90,0,0.0
6137-MFAJN,40-50,30-50,0,0.0
9122-UMROB,0-10,10-30,0,0.0
4232-JGKIY,0-10,10-30,0,0.0
2402-TAIRZ,30-40,70-90,0,0.0
9659-ZTWSM,50+,90+,0,0.0
9139-TWBAS,20-30,30-50,0,0.0
6685-GBWJZ,50+,70-90,0,0.0
5016-ETTFF,10-20,10-30,0,0.0
3866-MDTUB,0-10,70-90,0,0.0
2195-VVRJF,10-20,50-70,0,0.0
3913-RDSJZ,50+,10-30,0,0.0
8058-JMEQO,0-10,70-90,0,0.0
4203-QGNZA,20-30,10-30,0,0.0
5043-TRZWM,0-10,70-90,1,75.55
0697-ZMSWS,0-10,70-90,0,0.0
7657-DYEPJ,30-40,70-90,0,0.0
9494-BDNNC,50+,90+,0,0.0
1640-PLFMP,0-10,70-90,1,70.25
5366-OBVMR,10-20,50-70,0,0.0
8276-MQBYC,50+,90+,0,0.0
7644-OMVMY,0-10,10-30,0,0.0
7593-XFKDI,0-10,30-50,0,0.0
4573-JKNAE,10-20,10-30,0,0.0
0337-CNPZE,40-50,90+,0,0.0
9817-APLHW,10-20,10-30,0,0.0
8380-MQINP,50+,10-30,0,0.0
0840-DFEZH,0-10,70-90,1,75.35
1513-XNPPH,10-20,70-90,0,0.0
8690-ZVLCL,50+,70-90,0,0.0
6015-VVHHE,0-10,70-90,0,0.0
1125-SNVCK,40-50,30-50,0,0.0
0384-LPITE,40-50,50-70,0,0.0
4616-EWBNJ,10-20,10-30,0,0.0
6347-DCUIK,10-20,70-90,0,0.0
1335-HQMKX,50+,90+,0,0.0
2545-EBUPK,0-10,70-90,1,84.05
6923-AQONU,20-30,10-30,0,0.0
2172-EJXVF,50+,90+,0,0.0
0897-FEGMU,10-20,90+,0,0.0
7663-RGWBC,0-10,30-50,0,0.0
1120-BMWUB,10-20,50-70,0,0.0
9124-LHCJQ,0-10,70-90,0,0.0
4536-PLEQY,10-20,70-90,0,0.0
7029-IJEJK,50+,30-50,0,0.0
8871-JLMHM,50+,90+,0,0.0
2235-ZGKPT,0-10,50-70,0,0.0
3891-PUQOD,0-10,50-70,0,0.0
5447-VYTKW,20-30,50-70,0,0.0
3623-FQBOX,20-30,10-30,0,0.0
0689-NKYLF,10-20,70-90,0,0.0
8659-HDIYE,50+,70-90,0,0.0
3658-KIBGF,0-10,50-70,0,0.0
3474-BAFSJ,50+,50-70,0,0.0
5519-YLDGW,20-30,90+,0,0.0
3865-ZFZIB,10-20,10-30,0,0.0
1855-AGAWH,30-40,90+,0,0.0
7109-CQYUZ,50+,70-90,0,0.0
1370-GGAWX,40-50,90+,0,0.0
4680-KUTAJ,10-20,50-70,0,0.0
5307-UVGNB,50+,30-50,0,0.0
4946-EDSEW,10-20,10-30,0,0.0
2883-ILGWO,50+,90+,0,0.0
2516-VQRRV,0-10,70-90,0,0.0
7580-UGXNC,0-10,50-70,0,0.0
3642-BYHDO,50+,10-30,0,0.0
9629-NHXFW,0-10,10-30,0,0.0
2696-RZVZW,50+,10-30,0,0.0
5766-FTRTS,50+,70-90,0,0.0
0396-HUJBP,0-10,10-30,0,0.0
5178-LMXOP,0-10,90+,0,0.0
8879-ZKJOF,40-50,70-90,0,0.0
6285-FTQBF,50+,10-30,0,0.0
8185-UPYBR,0-10,70-90,0,0.0
4585-HETAI,0-10,70-90,0,0.0
7526-BEZQB,10-20,90+,0,0.0
1474-JUWSM,50+,50-70,0,0.0
3530-CRZSB,0-10,10-30,0,0.0
8498-XXGWA,50+,50-70,0,0.0
9617-INGJY,0-10,70-90,0,0.0
0621-TSSMU,50+,10-30,0,0.0
7234-KMNRQ,0-10,10-30,0,0.0
7636-PEPNS,50+,30-50,0,0.0
4683-WYDOU,50+,90+,0,0.0
9052-DHNKM,20-30,50-70,0,0.0
6794-HKIAJ,50+,90+,0,0.0
5578-NKCXI,50+,90+,0,0.0
1642-HMARX,50+,90+,0,0.0
3096-WPXBT,50+,90+,0,0.0
8434-PNQZX,40-50,70-90,0,0.0
5950-AAAGJ,10-20,70-90,0,0.0
4299-OPXEJ,50+,10-30,0,0.0
4951-UKAAQ,0-10,70-90,0,0.0
9618-LFJRU,0-10,10-30,0,0.0
6693-DJWTY,30-40,50-70,0,0.0
0744-GKNGE,50+,70-90,0,0.0
6447-EGDIV,30-40,10-30,0,0.0
1167-OYZJF,50+,10-30,0,0.0
2108-YKQTY,0-10,50-70,0,0.0
4806-DXQCE,50+,90+,0,0.0
4918-QLLIW,0-10,50-70,0,0.0
7056-IMHCC,50+,90+,0,0.0
4854-SSLTN,0-10,50-70,0,0.0
5294-DMSFH,20-30,70-90,0,0.0
4837-PZTIC,40-50,30-50,0,0.0
1625-JAIIY,50+,70-90,0,0.0
0603-OLQDC,10-20,50-70,0,0.0
3272-VUHPV,0-10,50-70,0,0.0
4176-FXYBO,50+,90+,0,0.0
1063-DHQJF,50+,90+,0,0.0
8663-UPDGF,20-30,50-70,0,0.0
6719-FGEDO,50+,90+,0,0.0
1837-YQUCE,50+,50-70,0,0.0
2947-DOMLJ,0-10,50-70,0,0.0
4112-LUEIZ,10-20,70-90,0,0.0
0369-ZGOVK,20-30,70-90,0,0.0
4510-HIMLV,0-10,50-70,0,0.0
9919-KNPOO,20-30,90+,0,0.0
8749-JMNKX,50+,90+,0,0.0
7872-BAAZR,50+,10-30,0,0.0
9391-LMANN,50+,90+,0,0.0
2430-USGXP,20-30,90+,0,0.0
8174-TBVCF,50+,90+,0,0.0
1698-XFZCI,50+,90+,0,0.0
1877-HKBQX,10-20,50-70,0,0.0
4450-DLLMH,0-10,70-90,0,0.0
0428-AXXLJ,20-30,10-30,0,0.0
2746-DIJLO,40-50,50-70,0,0.0
5955-ERIHD,10-20,90+,0,0.0
0917-EZOLA,50+,90+,0,0.0
3508-VLHCZ,50+,90+,0,0.0
4086-ATNFV,30-40,50-70,0,0.0
0468-YRPXN,20-30,90+,0,0.0
5996-NRVXR,40-50,90+,0,0.0
3739-YBWAB,30-40,30-50,0,0.0
7047-FWEYA,40-50,90+,0,0.0
2000-MPKCA,50+,90+,0,0.0
9762-YAQAA,30-40,70-90,0,0.0
5949-EBSQK,0-10,50-70,0,0.0
5473-KHBPS,50+,90+,0,0.0
0100-DUVFC,50+,90+,0,0.0
5397-TUPSH,50+,70-90,0,0.0
8950-MTZNV,0-10,30-50,0,0.0
0326-VDYXE,50+,90+,0,0.0
6773-LQTVT,20-30,30-50,0,0.0
7274-RTAPZ,0-10,90+,0,0.0
0436-TWFFZ,50+,70-90,0,0.0
8566-YPRGL,0-10,10-30,0,0.0
0311-UNPFF,20-30,70-90,0,0.0
6609-MXJHJ,30-40,10-30,0,0.0
2669-OIDSD,40-50,90+,0,0.0
8400-WZICQ,50+,50-70,0,0.0
3834-XUIFC,0-10,70-90,0,0.0
9576-SYUHJ,30-40,90+,0,0.0
0410-IPFTY,30-40,70-90,0,0.0
2831-EBWRN,0-10,30-50,0,0.0
9430-NKQLY,50+,10-30,0,0.0
8414-MYSHR,0-10,90+,0,0.0
0247-SLUJI,0-10,10-30,0,0.0
9402-ORRAH,10-20,90+,0,0.0
6483-OATDN,0-10,50-70,0,0.0
1293-HHSHJ,30-40,10-30,0,0.0
4840-ORQXB,50+,90+,0,0.0
7599-FKVXZ,40-50,90+,0,0.0
3982-DQLUS,50+,70-90,0,0.0
8610-ZIKJJ,0-10,10-30,0,0.0
3756-VNWDH,50+,90+,0,0.0
7801-KICAO,10-20,70-90,0,0.0
7673-LPRNY,20-30,70-90,0,0.0
8229-TNIQA,0-10,30-50,0,0.0
6060-QBMGV,50+,10-30,0,0.0
7339-POGZN,0-10,50-70,0,0.0
2828-SLQPF,10-20,30-50,0,0.0
4465-VDKIQ,10-20,70-90,0,0.0
2921-XWDJH,30-40,70-90,0,0.0
6221-AVQYL,0-10,70-90,0,0.0
2558-BUOZZ,40-50,90+,0,0.0
9257-AZMTZ,50+,10-30,0,0.0
0003-MKNFE,0-10,50-70,0,0.0
0975-UYDTX,20-30,90+,0,0.0
7743-EXURX,0-10,50-70,0,0.0
4682-BLBUC,40-50,70-90,0,0.0
0975-VOOVL,0-10,10-30,0,0.0
5968-VXZLG,0-10,30-50,0,0.0
5569-KGJHX,0-10,70-90,0,0.0
4988-IQIGL,0-10,70-90,0,0.0
5201-FRKKS,20-30,70-90,0,0.0
9799-CAYJJ,0-10,50-70,1,69.3
7730-IUTDZ,40-50,70-90,0,0.0
0426-TIRNE,0-10,10-30,0,0.0
5443-SCMKX,50+,90+,0,0.0
8295-KMENE,50+,70-90,0,0.0
6738-ISCBM,40-50,50-70,0,0.0
9821-BESNZ,50+,90+,0,0.0
3678-MNGZX,50+,10-30,0,0.0
1335-NTIUC,0-10,10-30,0,0.0
2916-BQZLN,10-20,70-90,0,0.0
4558-CGYCZ,0-10,10-30,0,0.0
2368-GAKKQ,50+,90+,0,0.0
8710-YGLWG,0-10,30-50,0,0.0
3199-XGZCY,0-10,70-90,1,75.25
3785-KTYSH,50+,10-30,0,0.0
6814-ZPWFQ,50+,10-30,0,0.0
4063-EIKNQ,10-20,10-30,0,0.0
6993-YCOBK,50+,90+,0,0.0
5206-HPJKM,10-20,50-70,0,0.0
7587-RZNME,0-10,30-50,0,0.0
0748-RDGGM,50+,90+,0,0.0
8393-JMVMB,0-10,10-30,0,0.0
5019-GQVCR,40-50,70-90,0,0.0
6036-TTFYU,10-20,10-30,0,0.0
2550-AEVRU,50+,50-70,0,0.0
0969-RGKCU,30-40,10-30,0,0.0
0378-CJKPV,50+,90+,0,0.0
4706-AXVKM,10-20,70-90,0,0.0
5889-JTMUL,50+,90+,0,0.0
9026-RNUJS,0-10,50-70,0,0.0
3746-EUBYR,0-10,70-90,0,0.0
2332-EFBJY,10-20,10-30,0,0.0
2880-FPNAE,0-10,70-90,1,74.2
1703-MGIAB,10-20,50-70,0,0.0
4311-QTTAI,10-20,10-30,0,0.0
9474-PHLYD,10-20,50-70,0,0.0
4318-RAJVY,10-20,10-30,0,0.0
2165-VOEGB,40-50,90+,0,0.0
3612-YUNGG,50+,90+,0,0.0
2254-DLXRI,0-10,70-90,0,0.0
5062-CJJKH,20-30,50-70,0,0.0
9028-LIHRP,50+,90+,0,0.0
2219-MVUSO,0-10,30-50,0,0.0
1053-MXTTK,50+,90+,0,0.0
1530-ZTDOZ,40-50,30-50,0,0.0
1301-LOPVR,20-30,50-70,0,0.0
0853-TWRVK,50+,90+,0,0.0
8914-RBTSB,30-40,90+,0,0.0
6212-ATMLK,50+,90+,0,0.0
8200-LGKSR,50+,70-90,0,0.0
1568-BEKZM,50+,90+,0,0.0
0670-ANMUU,50+,90+,0,0.0
6897-RWMUB,50+,50-70,0,0.0
0963-ZBDRN,30-40,90+,0,0.0
7594-RQHXR,0-10,70-90,0,0.0
6999-CHVCF,50+,90+,0,0.0
6134-KWTBV,50+,10-30,0,0.0
1077-HUUJM,0-10,70-90,1,71.05
6331-EWIEB,20-30,70-90,0,0.0
0895-LNKRC,0-10,10-30,0,0.0
2045-BMBTJ,30-40,50-70,0,0.0
8417-GSODA,20-30,90+,0,0.0
5171-EPLKN,20-30,10-30,0,0.0
4452-QIIEB,0-10,30-50,0,0.0
5998-VVEJY,20-30,70-90,0,0.0
1624-NALOJ,0-10,70-90,0,0.0
6741-EGCBI,30-40,90+,0,0.0
7820-ZYGNY,50+,90+,0,0.0
4317-VTEOA,0-10,50-70,0,0.0
9677-AVKED,50+,70-90,0,0.0
1670-SVOWZ,10-20,70-90,0,0.0
2227-JRSJX,20-30,90+,0,0.0
9847-HNVGP,10-20,10-30,0,0.0
6696-YDAYZ,10-20,10-30,0,0.0
8980-WQFWL,30-40,50-70,0,0.0
1730-ZMAME,30-40,70-90,0,0.0
6506-EYCNH,20-30,10-30,0,0.0
4634-JLRJT,0-10,10-30,0,0.0
9501-UKKNL,50+,50-70,0,0.0
2560-QTSBS,50+,10-30,0,0.0
7541-YLXCL,30-40,50-70,0,0.0
4795-WRNVT,40-50,50-70,0,0.0
6080-TCMYC,40-50,70-90,0,0.0
0260-ZDLGK,0-10,70-90,0,0.0
7860-UXCRM,50+,70-90,0,0.0
6357-JJPQT,0-10,70-90,1,80.5
2292-XQWSV,40-50,50-70,0,0.0
9552-TGUZV,0-10,70-90,0,0.0
5913-INRQV,30-40,90+,0,0.0
8722-NGNBH,0-10,30-50,0,0.0
6210-KBBPI,0-10,90+,0,0.0
9643-YBLUR,0-10,50-70,0,0.0
8734-FNWVH,30-40,50-70,0,0.0
9447-YPTBX,50+,10-30,0,0.0
0133-BMFZO,0-10,70-90,0,0.0
6128-CZOMY,0-10,30-50,0,0.0
9540-JYROE,0-10,70-90,0,0.0
9026-LHEVG,0-10,30-50,0,0.0
2260-USTRB,0-10,70-90,0,0.0
3656-TKRVZ,0-10,50-70,0,0.0
7011-CVEUC,20-30,90+,0,0.0
6185-TASNN,0-10,30-50,0,0.0
7925-PNRGI,40-50,70-90,0,0.0
8623-TMRBY,50+,70-90,0,0.0
1552-CZCLL,50+,10-30,0,0.0
3038-PQIUY,30-40,50-70,0,0.0
1501-SGHBW,0-10,30-50,0,0.0
9313-CDOGY,30-40,10-30,0,0.0
8148-BPLZQ,30-40,30-50,0,0.0
2623-DRYAM,50+,90+,0,0.0
9987-LUTYD,10-20,50-70,0,0.0
3208-YPIOE,30-40,70-90,0,0.0
4488-KQFDT,50+,90+,0,0.0
2612-RANWT,10-20,90+,0,0.0
5693-PIPCS,40-50,90+,0,0.0
0491-KAPQG,20-30,70-90,0,0.0
1925-LFCZZ,50+,50-70,0,0.0
8039-EQPIM,50+,50-70,0,0.0
6900-PXRMS,20-30,90+,0,0.0
8707-RMEZH,50+,70-90,0,0.0
3346-BRMIS,10-20,30-50,0,0.0
3209-ZPKFI,40-50,50-70,0,0.0
6479-VDGRK,50+,70-90,0,0.0
9373-WSLOY,30-40,50-70,0,0.0
2933-FILNV,0-10,10-30,0,0.0
3569-JFODW,50+,90+,0,0.0
9819-FBNSV,30-40,70-90,0,0.0
9544-PYPSJ,50+,90+,0,0.0
1591-XWLGB,50+,10-30,0,0.0
0396-UKGAI,20-30,50-70,0,0.0
3243-ZHOHY,10-20,10-30,0,0.0
5186-EJEGL,0-10,50-70,0,0.0
7527-QNRUS,10-20,10-30,0,0.0
9986-BONCE,0-10,10-30,0,0.0
2722-JMONI,0-10,30-50,0,0.0
2203-GHNWN,20-30,70-90,0,0.0
3878-AVSOQ,0-10,70-90,1,71.25
3258-SYSWS,50+,90+,0,0.0
5296-PSYVW,50+,10-30,0,0.0
6319-QSUSR,10-20,10-30,0,0.0
4083-EUGRJ,0-10,10-30,0,0.0
7579-OOPEC,0-10,50-70,0,0.0
0512-FLFDW,50+,90+,0,0.0
1771-OADNZ,20-30,90+,0,0.0
0487-CRLZF,40-50,70-90,0,0.0
2107-FBPTK,30-40,90+,0,0.0
9451-WLYRI,50+,10-30,0,0.0
8219-VYBVI,30-40,10-30,0,0.0
1991-VOPLL,0-10,10-30,0,0.0
9738-QLWTP,30-40,70-90,0,0.0
1016-DJTSV,0-10,50-70,1,69.7
9419-IPPBE,50+,90+,0,0.0
0174-QRVVY,50+,10-30,0,0.0
5699-BNCAS,50+,10-30,0,0.0
2900-PHPLN,50+,10-30,0,0.0
0612-RTZZA,0-10,10-30,0,0.0
8106-GWQOK,30-40,50-70,0,0.0
8751-EDEKA,20-30,70-90,0,0.0
6878-GGDWG,30-40,10-30,0,0.0
4039-PIMHX,40-50,30-50,0,0.0
8450-LUGUK,30-40,10-30,0,0.0
3604-WLABM,10-20,50-70,0,0.0
0795-GMVQO,50+,90+,0,0.0
2259-OUUSZ,0-10,30-50,0,0.0
1142-IHLOO,50+,70-90,0,0.0
6410-LEFEN,0-10,30-50,0,0.0
4633-MKHYU,0-10,70-90,0,0.0
6257-RJOHI,0-10,50-70,0,0.0
1545-JFUML,50+,90+,0,0.0
3194-ORPIK,50+,70-90,0,0.0
7826-VVKWT,20-30,90+,0,0.0
1353-GHZOS,20-30,50-70,0,0.0
2587-EKXTS,40-50,90+,0,0.0
5442-BXVND,30-40,10-30,0,0.0
8816-VXNZD,0-10,70-90,0,0.0
9378-FXTIZ,50+,70-90,0,0.0
1723-HKXJQ,40-50,90+,0,0.0
7825-GKXMW,0-10,30-50,0,0.0
9753-OYLBX,0-10,10-30,0,0.0
2364-UFROM,30-40,70-90,0,0.0
6656-JWRQX,0-10,30-50,0,0.0
6473-ULUHT,10-20,70-90,0,0.0
1240-KNSEZ,0-10,10-30,0,0.0
0836-SEYLU,0-10,30-50,0,0.0
4433-JCGCG,40-50,90+,0,0.0
3716-BDVDB,0-10,50-70,0,0.0
7688-AWMDX,50+,50-70,0,0.0
2842-BCQGE,40-50,70-90,0,0.0
7244-QWYHG,50+,30-50,0,0.0
5899-MQZZL,10-20,70-90,0,0.0
6849-OYAMU,10-20,90+,0,0.0
5312-UXESG,40-50,90+,0,0.0
9488-HGMJH,0-10,70-90,0,0.0
6038-GCYEC,20-30,50-70,0,0.0
2150-WLKUW,40-50,50-70,0,0.0
7159-FVYPK,0-10,50-70,0,0.0
7032-LMBHI,30-40,50-70,0,0.0
1150-WFARN,50+,90+,0,0.0
6088-BXMRG,30-40,90+,0,0.0
3144-AUDBS,0-10,30-50,0,0.0
4821-SJHJV,30-40,70-90,0,0.0
7346-MEDWM,50+,70-90,0,0.0
1137-DGOWI,30-40,70-90,0,0.0
5616-PRTNT,20-30,10-30,0,0.0
3812-LRZIR,20-30,10-30,0,0.0
4818-QIUFN,20-30,70-90,0,0.0
9483-GCPWE,0-10,10-30,0,0.0
4227-OJHAL,50+,70-90,0,0.0
9220-CXRSC,50+,50-70,0,0.0
4993-JCRGJ,20-30,70-90,0,0.0
9537-JALFH,50+,10-30,0,0.0
6698-OXETB,10-20,10-30,0,0.0
2103-ZRXFN,0-10,50-70,0,0.0
3724-BSCVH,10-20,10-30,0,0.0
4877-TSOFF,50+,70-90,0,0.0
9209-NWPGU,40-50,50-70,0,0.0
6961-VCPMC,40-50,70-90,0,0.0
7306-YDSOI,50+,50-70,0,0.0
5288-AHOUP,10-20,70-90,1,78.5
6688-UZPWD,10-20,90+,0,0.0
0655-YDGFJ,20-30,30-50,0,0.0
8468-EHYJA,50+,90+,0,0.0
6823-SIDFQ,20-30,10-30,0,0.0
1097-FSPVW,40-50,50-70,0,0.0
2839-RFSQE,0-10,10-30,0,0.0
8328-SKJNO,20-30,30-50,0,0.0
7010-ZMVBF,10-20,10-30,0,0.0
5201-CBWYG,50+,10-30,0,0.0
0968-GSIKN,0-10,70-90,0,0.0
1965-DDBWU,10-20,70-90,0,0.0
9057-SIHCH,0-10,90+,0,0.0
6352-GIGGQ,50+,70-90,0,0.0
3635-QQRQD,50+,10-30,0,0.0
6771-XWBDM,50+,90+,0,0.0
2897-DOVND,0-10,50-70,1,69.8
3082-YVEKW,20-30,70-90,0,0.0
0191-EQUUH,20-30,30-50,0,0.0
7134-HBPBS,50+,90+,0,0.0
3489-HHPFY,0-10,70-90,1,84.05
2926-JEJJC,0-10,10-30,0,0.0
8601-QACRS,0-10,50-70,0,0.0
4950-BDEUX,30-40,30-50,0,0.0
5789-LDFXO,20-30,10-30,0,0.0
0508-OOLTO,0-10,70-90,1,71.65
2984-TBYKU,50+,90+,0,0.0
9822-WMWVG,40-50,90+,0,0.0
2391-SOORI,0-10,30-50,0,0.0
9040-KZVWO,20-30,70-90,0,0.0
2645-QTLMB,0-10,90+,0,0.0
4806-HIPDW,0-10,50-70,0,0.0
1548-ARAGG,0-10,50-70,0,0.0
6339-RZCBJ,40-50,70-90,0,0.0
4424-TKOPW,0-10,90+,0,0.0
4415-WNGVR,10-20,70-90,0,0.0
2522-AHJXR,50+,90+,0,0.0
0412-UCCNP,50+,50-70,0,0.0
1816-FLZDK,0-10,10-30,0,0.0
7096-UCLNH,0-10,10-30,0,0.0
8443-ZRDBZ,0-10,70-90,0,0.0
9136-ALYBR,0-10,10-30,0,0.0
4615-PIVVU,40-50,50-70,0,0.0
8885-QSQBX,0-10,30-50,0,0.0
7479-NITWS,0-10,70-90,0,0.0
8617-ENBDS,0-10,70-90,0,0.0
9385-NXKDA,50+,70-90,0,0.0
0430-IHCDJ,10-20,30-50,0,0.0
2959-MJHIC,0-10,70-90,0,0.0
6674-KVJHG,10-20,10-30,0,0.0
1814-DKOLC,0-10,10-30,0,0.0
4201-JMNGR,0-10,50-70,0,0.0
9351-HXDMR,50+,90+,0,0.0
3537-HPKQT,50+,70-90,0,0.0
2129-ALKBS,40-50,10-30,0,0.0
5821-MMEIL,50+,10-30,0,0.0
5960-WPXQM,0-10,70-90,0,0.0
0684-AOSIH,0-10,90+,0,0.0
8260-NGFNY,0-10,10-30,0,0.0
1309-XGFSN,50+,70-90,0,0.0
1866-RZZQS,40-50,90+,0,0.0
6968-URWQU,40-50,50-70,0,0.0
4742-TXUEX,40-50,10-30,0,0.0
9631-XEYKE,0-10,50-70,0,0.0
8631-NBHFZ,50+,70-90,0,0.0
1335-MXCSE,50+,50-70,0,0.0
8873-TMKGR,20-30,10-30,0,0.0
8800-JOOCF,10-20,70-90,1,84.05
1469-LBJQJ,50+,90+,0,0.0
4958-XCBDQ,30-40,90+,0,0.0
8337-UPOAQ,10-20,70-90,0,0.0
0064-YIJGF,20-30,70-90,0,0.0
2386-OWURY,50+,90+,0,0.0
1725-IQNIY,50+,90+,0,0.0
0310-VQXAM,0-10,10-30,0,0.0
6598-RFFVI,0-10,10-30,0,0.0
3453-RTHJQ,0-10,50-70,1,69.1
6712-OAWRH,20-30,90+,0,0.0
6278-FEPBZ,0-10,10-30,0,0.0
4280-DLSHD,0-10,50-70,0,0.0
1508-DFXCU,10-20,70-90,1,81.45
8614-VGMMV,10-20,30-50,0,0.0
7868-BGSZA,40-50,70-90,0,0.0
2800-QQUSO,40-50,90+,0,0.0
2930-UOTMB,30-40,50-70,0,0.0
7973-DZRKH,50+,90+,0,0.0
5914-DVBWJ,10-20,70-90,0,0.0
7698-YFGEZ,0-10,10-30,0,0.0
2533-QVMSK,50+,90+,0,0.0
9773-PEQBZ,10-20,70-90,1,79.85
8644-XLFBW,0-10,70-90,0,0.0
0650-BWOZN,10-20,70-90,0,0.0
8625-AZYZY,20-30,90+,0,0.0
7785-RDVIG,0-10,10-30,0,0.0
9602-WCXPI,50+,10-30,0,0.0
2903-YYTBW,0-10,30-50,0,0.0
3620-MWJNE,0-10,50-70,0,0.0
8573-JGCZW,10-20,10-30,0,0.0
6837-HAEVO,50+,90+,0,0.0
6701-YVNQG,50+,70-90,0,0.0
9306-CPCBC,0-10,70-90,0,0.0
4304-XUMGI,50+,70-90,0,0.0
9504-YAZWB,50+,10-30,0,0.0
8819-ZBYNA,50+,90+,0,0.0
6174-NRBTZ,40-50,30-50,0,0.0
9481-IEBZY,50+,90+,0,0.0
1833-VGRUM,0-10,70-90,0,0.0
6137-NICCO,0-10,90+,0,0.0
9065-ZCPQX,50+,70-90,0,0.0
6402-EJMWF,0-10,50-70,0,0.0
3620-EHIMZ,50+,10-30,0,0.0
3213-VVOLG,0-10,10-30,0,0.0
6870-ECSHE,0-10,10-30,0,0.0
8747-UDCOI,50+,10-30,0,0.0
8374-XGEJJ,40-50,90+,0,0.0
2656-TABEH,0-10,90+,0,0.0
6946-LMSQS,20-30,70-90,0,0.0
4626-OZDTJ,50+,70-90,0,0.0
9169-BSVIN,10-20,70-90,0,0.0
2325-ZUSFD,50+,70-90,0,0.0
8194-PEEBY,20-30,10-30,0,0.0
6872-HXFNF,50+,50-70,0,0.0
3932-CMDTD,0-10,90+,0,0.0
7714-YXSMB,20-30,90+,0,0.0
8387-UGUSU,10-20,10-30,0,0.0
1080-BWSYE,50+,10-30,0,0.0
4039-HEUNW,30-40,90+,0,0.0
1194-HVAIF,20-30,90+,0,0.0
0812-WUPTB,0-10,70-90,0,0.0
3594-UVONA,30-40,70-90,0,0.0
0004-TLHLJ,0-10,70-90,0,0.0
1767-TGTKO,0-10,30-50,0,0.0
8439-LTUGF,10-20,10-30,0,0.0
8805-JNRAZ,0-10,30-50,0,0.0
5089-IFSDP,50+,90+,0,0.0
6418-HNFED,50+,70-90,0,0.0
0206-OYVOC,40-50,10-30,0,0.0
7291-CDTMJ,0-10,10-30,0,0.0
7128-GGCNO,40-50,70-90,0,0.0
0237-YFUTL,50+,90+,0,0.0
7691-KGKGP,50+,50-70,0,0.0
6710-HSJRD,50+,90+,0,0.0
3675-EQOZA,0-10,10-30,0,0.0
0840-DCNZE,40-50,70-90,0,0.0
1732-FEKLD,50+,90+,0,0.0
9862-KJTYK,10-20,10-30,0,0.0
0479-HMSWA,20-30,90+,0,0.0
5854-KSRBJ,50+,10-30,0,0.0
0365-BZUWY,10-20,90+,0,0.0
4817-VYYWS,30-40,90+,0,0.0
5701-SVCWR,0-10,10-30,0,0.0
3129-AAQOU,10-20,10-30,0,0.0
4922-CVPDX,20-30,70-90,0,0.0
1396-QWFBJ,20-30,70-90,0,0.0
1357-BIJKI,50+,90+,0,0.0
1099-BTKWT,50+,50-70,0,0.0
5299-SJCZT,0-10,90+,0,0.0
2018-PZKMU,0-10,90+,0,0.0
7340-KEFQE,50+,30-50,0,0.0
4570-QHXHL,0-10,30-50,0,0.0
2403-BCASL,40-50,90+,0,0.0
7392-YYPYJ,20-30,90+,0,0.0
2898-LSJGD,20-30,50-70,0,0.0
2223-GDSHL,50+,90+,0,0.0
7359-PTSXY,0-10,30-50,0,0.0
9470-RTWDV,20-30,70-90,0,0.0
2176-OSJUV,50+,50-70,0,0.0
9348-YVOMK,0-10,30-50,0,0.0
8104-OSKWT,10-20,70-90,1,79.8
4521-YEEHE,10-20,70-90,0,0.0
4090-KPJIP,0-10,70-90,1,74.95
3786-WOVKF,50+,90+,0,0.0
4503-BDXBD,10-20,70-90,0,0.0
6086-ESGRL,0-10,70-90,0,0.0
2592-HODOV,10-20,10-30,0,0.0
3886-CERTZ,50+,90+,0,0.0
7995-ZHHNZ,40-50,50-70,0,0.0
3824-RHKVR,10-20,10-30,0,0.0
5816-SCGFC,0-10,50-70,0,0.0
5989-AXPUC,50+,90+,0,0.0
4979-HPRFL,50+,10-30,0,0.0
8590-OHDIW,30-40,10-30,0,0.0
8015-IHCGW,50+,90+,0,0.0
2332-TODQS,40-50,10-30,0,0.0
9278-VZKCD,50+,90+,0,0.0
8008-OTEZX,30-40,10-30,0,0.0
2773-OVBPK,50+,90+,0,0.0
5999-LCXAO,0-10,10-30,0,0.0
5206-XZZQI,50+,70-90,0,0.0
4803-LBYPN,30-40,10-30,0,0.0
5759-RCVCB,0-10,30-50,0,0.0
6372-RFVNS,0-10,70-90,0,0.0
2139-FQHLM,10-20,70-90,0,0.0
8261-GWDBQ,50+,90+,0,0.0
1093-YSWCA,10-20,10-30,0,0.0
8938-UMKPI,40-50,90+,0,0.0
0991-BRRFB,10-20,30-50,0,0.0
3882-IYOIJ,50+,90+,0,0.0
8749-TZYEC,50+,10-30,0,0.0
1755-FZQEC,30-40,10-30,0,0.0
3115-JPJDD,50+,70-90,0,0.0
5600-KTXFM,0-10,50-70,0,0.0
3871-IKPYH,0-10,50-70,0,0.0
6319-IEJWJ,20-30,90+,0,0.0
9025-AOMKI,0-10,90+,0,0.0
6339-TBELP,50+,70-90,0,0.0
7964-YESJC,20-30,50-70,0,0.0
6173-GOLSU,50+,90+,0,0.0
5275-SQEIZ,0-10,70-90,0,0.0
7716-YTYHG,40-50,70-90,0,0.0
9938-ZREHM,30-40,70-90,0,0.0
7950-XWOVN,10-20,30-50,0,0.0
4390-KYULV,0-10,10-30,0,0.0
4647-MUZON,10-20,90+,0,0.0
9702-AIUJO,50+,30-50,0,0.0
8849-PRIQJ,50+,90+,0,0.0
8851-RAGOV,20-30,70-90,0,0.0
1304-NECVQ,0-10,70-90,0,0.0
5396-IZEPB,0-10,10-30,0,0.0
1729-VLAZJ,10-20,30-50,0,0.0
8285-ABVLB,50+,10-30,0,0.0
0701-TJSEF,0-10,50-70,0,0.0
5712-VBOXD,0-10,10-30,0,0.0
6629-LADHQ,0-10,50-70,0,0.0
8945-GRKHX,0-10,70-90,0,0.0
1559-DTODC,10-20,10-30,0,0.0
4797-MIWUM,0-10,10-30,0,0.0
6959-UWKHF,0-10,30-50,0,0.0
8720-RQSBJ,0-10,30-50,0,0.0
4537-CIBHB,0-10,10-30,0,0.0
3815-SLMEF,0-10,30-50,0,0.0
5154-VEKBL,0-10,50-70,0,0.0
4324-AHJKS,0-10,50-70,0,0.0
4355-CVPVS,50+,70-90,0,0.0
4495-LHSSK,10-20,50-70,0,0.0
5655-JSMZM,40-50,90+,0,0.0
5915-ANOEI,50+,70-90,0,0.0
9861-PDSZP,50+,90+,0,0.0
4505-EXZHB,0-10,70-90,0,0.0
7225-CBZPL,10-20,90+,0,0.0
6704-UTUKK,20-30,30-50,0,0.0
4587-VVTOX,0-10,90+,0,0.0
2019-HDCZY,50+,90+,0,0.0
4652-NNHNY,10-20,70-90,0,0.0
8788-DOXSU,50+,50-70,0,0.0
7404-JLKQG,0-10,50-70,0,0.0
7421-ZLUPA,0-10,10-30,0,0.0
8972-HJWNV,0-10,70-90,0,0.0
3274-NSDWE,50+,10-30,0,0.0
2632-IVXVF,50+,90+,0,0.0
3692-JHONH,50+,90+,0,0.0
8915-NNTRC,50+,90+,0,0.0
5914-GXMDA,30-40,10-30,0,0.0
7463-IFMQU,50+,10-30,0,0.0
2920-RNCEZ,0-10,50-70,0,0.0
2541-YGPKE,40-50,50-70,0,0.0
8515-OCTJS,20-30,10-30,0,0.0
5382-TEMLV,40-50,50-70,0,0.0
3441-CGZJH,40-50,50-70,0,0.0
9592-ERDKV,30-40,70-90,0,0.0
2860-RANUS,20-30,70-90,0,0.0
5261-QSHQM,0-10,10-30,0,0.0
4778-IZARL,50+,90+,0,0.0
0432-CAJZV,0-10,90+,0,0.0
7008-LZVOZ,50+,10-30,0,0.0
8868-WOZGU,20-30,90+,0,0.0
1200-TUZHR,0-10,70-90,1,85.2
9365-CSLBQ,50+,10-30,0,0.0
1334-FJSVR,0-10,10-30,0,0.0
5884-FBCTL,50+,10-30,0,0.0
7130-CTCUS,10-20,50-70,0,0.0
6242-FEGFD,50+,90+,0,0.0
7625-XCQRH,10-20,70-90,0,0.0
6194-HBGQN,50+,70-90,0,0.0
7634-WSWDB,0-10,30-50,0,0.0
6986-IXNDM,10-20,90+,0,0.0
1731-TVIUK,0-10,90+,0,0.0
2987-BJXIK,50+,70-90,0,0.0
9769-TSBZE,50+,50-70,0,0.0
0406-BPDVR,50+,90+,0,0.0
0618-XWMSS,20-30,70-90,0,0.0
1395-WSWXR,20-30,10-30,0,0.0
6023-GSSXW,50+,50-70,0,0.0
6752-APNJL,40-50,50-70,0,0.0
5276-KQWHG,0-10,50-70,0,0.0
0420-HLGXF,30-40,90+,0,0.0
7446-KQISO,40-50,90+,0,0.0
9823-EALYC,50+,70-90,0,0.0
0582-AVCLN,30-40,10-30,0,0.0
5803-NQJZO,50+,50-70,0,0.0
2565-JSLRY,0-10,10-30,0,0.0
2607-DHDAK,50+,10-30,0,0.0
1073-XXCZD,50+,10-30,0,0.0
0743-HRVFF,50+,50-70,0,0.0
4006-HKYHO,50+,70-90,0,0.0
3727-JEZTU,0-10,10-30,0,0.0
8143-ETQTI,20-30,10-30,0,0.0
6689-KXGBO,0-10,50-70,0,0.0
9667-TKTVZ,0-10,50-70,0,0.0
3657-COGMW,50+,90+,0,0.0
8570-KLJYJ,30-40,50-70,0,0.0
7754-IXRMC,0-10,30-50,0,0.0
9473-CBZOP,20-30,50-70,0,0.0
2969-WGHQO,0-10,50-70,0,0.0
6615-NGGZJ,10-20,90+,0,0.0
4334-HOWRP,50+,50-70,0,0.0
4255-DDUOU,0-10,10-30,0,0.0
5863-OOKCL,10-20,10-30,0,0.0
1686-STUHN,40-50,10-30,0,0.0
1329-VHWNP,0-10,10-30,0,0.0
2984-MIIZL,0-10,70-90,0,0.0
0266-GMEAO,50+,90+,0,0.0
5590-YRFJT,20-30,10-30,0,0.0
5574-NXZIU,50+,90+,0,0.0
0019-GFNTW,50+,30-50,0,0.0
4256-ZWTZI,0-10,50-70,0,0.0
8309-PPCED,50+,90+,0,0.0
4098-NAUKP,50+,70-90,0,0.0
5196-WPYOW,50+,50-70,0,0.0
4608-LCIMN,0-10,30-50,0,0.0
1485-YDHMM,50+,90+,0,0.0
4054-CUMIA,10-20,10-30,0,0.0
0603-TPMIB,50+,10-30,0,0.0
2525-GVKQU,50+,10-30,0,0.0
8161-QYMTT,0-10,90+,1,94.1
9581-GVBXT,50+,30-50,0,0.0
5862-BRIXZ,40-50,50-70,0,0.0
5404-GGUKR,0-10,50-70,0,0.0
3308-JSGML,50+,50-70,0,0.0
2126-GSEGL,50+,70-90,0,0.0
3677-TNKIO,10-20,70-90,0,0.0
0440-QEXBZ,40-50,50-70,0,0.0
2434-EEVDB,50+,90+,0,0.0
6762-QVYJO,50+,50-70,0,0.0
6199-IWKGC,40-50,90+,0,0.0
2675-DHUTR,50+,90+,0,0.0
8152-VETUR,50+,90+,0,0.0
9667-EQRXU,30-40,30-50,0,0.0
7446-YPODE,10-20,50-70,0,0.0
9522-BNTHX,30-40,50-70,0,0.0
4676-WLUHT,50+,30-50,0,0.0
3329-WDIOK,0-10,50-70,0,0.0
7980-MHFLQ,50+,10-30,0,0.0
2873-ZLIWT,40-50,70-90,0,0.0
3415-TAILE,0-10,50-70,0,0.0
0757-WCUUZ,50+,50-70,0,0.0
1629-DQQVB,10-20,50-70,0,0.0
1915-IOFGU,0-10,70-90,0,0.0
3045-XETSH,10-20,90+,0,0.0
0374-AACSZ,0-10,50-70,0,0.0
7239-HZZCX,0-10,10-30,0,0.0
4872-VXRIL,50+,50-70,0,0.0
9140-CZQZZ,50+,70-90,0,0.0
3423-HHXAO,10-20,10-30,0,0.0
9938-TKDGL,50+,90+,0,0.0
0531-ZZJWQ,50+,70-90,0,0.0
6537-QLGEX,10-20,30-50,0,0.0
2688-BHGOG,0-10,70-90,1,79.55
7683-CBDKJ,10-20,50-70,0,0.0
0946-CLJTI,50+,90+,0,0.0
3160-TYXLT,50+,30-50,0,0.0
1325-USMEC,50+,90+,0,0.0
0916-QOFDP,10-20,90+,0,0.0
0628-CNQRM,20-30,50-70,0,0.0
5606-AMZBO,10-20,70-90,0,0.0
6199-IPCAO,20-30,10-30,0,0.0
7665-TOALD,0-10,50-70,0,0.0
0112-QWPNC,40-50,70-90,0,0.0
0324-BRPCJ,50+,90+,0,0.0
2777-PHDEI,0-10,70-90,0,0.0
5640-CAXOA,30-40,30-50,0,0.0
2235-EZAIK,50+,70-90,0,0.0
3847-BAERP,10-20,10-30,0,0.0
1196-AMORA,0-10,70-90,0,0.0
4282-YMKNA,0-10,70-90,0,0.0
1453-RZFON,0-10,30-50,0,0.0
8263-OKETD,20-30,50-70,0,0.0
0670-KDOMA,0-10,10-30,0,0.0
2476-YGEFM,20-30,70-90,0,0.0
8687-BAFGU,0-10,70-90,1,74.0
0641-EVBOJ,0-10,70-90,0,0.0
0829-XXPLX,20-30,70-90,0,0.0
9974-JFBHQ,50+,90+,0,0.0
5356-RHIPP,0-10,10-30,0,0.0
6624-JDRDS,0-10,10-30,0,0.0
0608-JDVEC,50+,10-30,0,0.0
9780-FKVVF,0-10,50-70,0,0.0
1919-RTPQD,0-10,30-50,0,0.0
5214-NLTIT,50+,90+,0,0.0
3345-PBBFH,0-10,30-50,0,0.0
5055-BRMNE,50+,90+,0,0.0
9189-JWSHV,20-30,90+,0,0.0
2190-PHBHR,50+,90+,0,0.0
2650-GYRYL,30-40,10-30,0,0.0
0746-JTRFU,0-10,10-30,0,0.0
5208-FVQKB,50+,50-70,0,0.0
7184-LRUUR,20-30,50-70,0,0.0
6627-CFOSN,50+,90+,0,0.0
3982-JGSFD,30-40,10-30,0,0.0
1574-DYCWE,50+,10-30,0,0.0
7247-XOZPB,50+,70-90,0,0.0
2466-FCCPT,20-30,10-30,0,0.0
6211-WWLTF,50+,90+,0,0.0
4826-TZEVA,40-50,70-90,0,0.0
6016-NXBNJ,30-40,10-30,0,0.0
9138-EFSMO,20-30,70-90,0,0.0
0576-WNXXC,20-30,90+,0,0.0
4632-XJMEX,50+,50-70,0,0.0
8910-LEDAG,30-40,70-90,0,0.0
3452-GWUIN,10-20,90+,0,0.0
2716-GFZOR,40-50,70-90,0,0.0
3724-UCSHY,0-10,10-30,0,0.0
8626-XHBIE,50+,10-30,0,0.0
4628-CTTLA,50+,30-50,0,0.0
3192-LNKRK,30-40,70-90,0,0.0
4439-YRNVD,10-20,30-50,0,0.0
2876-VBBBL,0-10,10-30,0,0.0
6834-NXDCA,10-20,10-30,0,0.0
2208-UGTGR,50+,90+,0,0.0
3005-TYFRD,50+,90+,0,0.0
8670-MEFCP,30-40,90+,0,0.0
3079-BCHLN,40-50,10-30,0,0.0
7777-UNYHB,10-20,10-30,0,0.0
5597-GLBUC,0-10,70-90,0,0.0
7278-CKDNC,20-30,70-90,0,0.0
2748-MYRVK,50+,90+,0,0.0
8450-UYIBU,30-40,30-50,0,0.0
2969-VAPYH,50+,50-70,0,0.0
4822-YCXMX,20-30,70-90,0,0.0
7181-OQCUT,20-30,90+,0,0.0
8474-UMLNT,10-20,50-70,0,0.0
9821-POOTN,30-40,70-90,0,0.0
3836-FZSDJ,50+,10-30,0,0.0
9142-XMYJH,20-30,10-30,0,0.0
6559-ILWKJ,50+,30-50,0,0.0
0187-QSXOE,0-10,70-90,1,89.0
7733-UDMTP,50+,50-70,0,0.0
2649-HWLYB,50+,70-90,0,0.0
5214-CHIWJ,20-30,10-30,0,0.0
4229-CZMLL,0-10,70-90,0,0.0
6904-JLBGY,50+,90+,0,0.0
2465-BLLEU,0-10,10-30,0,0.0
1685-VAYJF,10-20,30-50,0,0.0
8874-EJNSR,30-40,10-30,0,0.0
6917-YACBP,50+,70-90,0,0.0
5049-MUBWG,20-30,70-90,0,0.0
4223-WOZCM,0-10,30-50,0,0.0
0769-MURVM,50+,50-70,0,0.0
9253-VIFJQ,50+,50-70,0,0.0
7030-FZTFM,50+,90+,0,0.0
9741-YLNTD,0-10,70-90,0,0.0
5917-RYRMG,30-40,10-30,0,0.0
5120-ZBLAI,50+,70-90,0,0.0
1194-BHJYC,50+,50-70,0,0.0
3663-MITLP,10-20,90+,0,0.0
0906-QVPMS,50+,90+,0,0.0
9025-ZRPVR,0-10,10-30,0,0.0
1905-OEILC,0-10,10-30,0,0.0
7858-GTZSP,10-20,70-90,1,86.55
3285-UCQVC,30-40,10-30,0,0.0
6248-BSHKG,50+,10-30,0,0.0
4685-TFLLS,10-20,10-30,0,0.0
3470-BTGQO,20-30,30-50,0,0.0
1209-VFFOC,50+,50-70,0,0.0
8224-DWCKX,10-20,70-90,0,0.0
5482-PLVPE,0-10,10-30,0,0.0
4553-DVPZG,50+,90+,0,0.0
4902-OHLSK,20-30,90+,0,0.0
6917-IAYHD,0-10,30-50,0,0.0
0495-ZBNGW,0-10,70-90,0,0.0
8620-RJPZN,0-10,10-30,0,0.0
7572-KPVKK,50+,90+,0,0.0
2642-MAWLJ,30-40,10-30,0,0.0
2357-COQEK,20-30,90+,0,0.0
7103-ZGVNT,50+,70-90,0,0.0
3737-GCSPV,10-20,90+,0,0.0
2027-WKXMW,50+,90+,0,0.0
7137-NAXML,20-30,10-30,0,0.0
2428-ZMCTB,10-20,10-30,0,0.0
2961-VNFKL,50+,10-30,0,0.0
1768-HNVGJ,40-50,70-90,0,0.0
6963-KQYQB,50+,10-30,0,0.0
5934-RMPOV,20-30,70-90,0,0.0
1207-BLKSA,50+,10-30,0,0.0
4088-YLDSU,50+,90+,0,0.0
8316-BBQAY,50+,50-70,0,0.0
1166-PQLGG,50+,10-30,0,0.0
3146-JTQHR,10-20,10-30,0,0.0
4291-YZODP,0-10,10-30,0,0.0
4395-PZMSN,0-10,70-90,1,85.55
6427-FEFIG,20-30,70-90,0,0.0
0017-IUDMW,50+,90+,0,0.0
8706-HRADD,20-30,30-50,0,0.0
9955-QOPOY,50+,50-70,0,0.0
4385-ZKVNW,40-50,50-70,0,0.0
5446-DKWYW,50+,50-70,0,0.0
2034-CGRHZ,20-30,90+,0,0.0
5797-APWZC,0-10,90+,0,0.0
3683-QKIUE,0-10,50-70,0,0.0
4228-ZGYUW,0-10,90+,0,0.0
9031-ZVQPT,50+,90+,0,0.0
2990-IAJSV,50+,90+,0,0.0
8107-KNCIM,10-20,70-90,0,0.0
9027-YFHQJ,0-10,10-30,0,0.0
5176-LDKUH,40-50,70-90,0,0.0
4644-OBGFZ,50+,10-30,0,0.0
7926-IJOOU,0-10,10-30,0,0.0
6480-YAGIY,40-50,90+,0,0.0
4029-HPFVY,0-10,70-90,0,0.0
7602-DBTOU,50+,10-30,0,0.0
5345-BMKWB,0-10,10-30,0,0.0
3519-ZKXGG,0-10,70-90,0,0.0
5457-COLHT,50+,70-90,0,0.0
6416-TVAIH,0-10,50-70,0,0.0
5451-YHYPW,50+,90+,0,0.0
5108-ADXWO,10-20,70-90,0,0.0
7998-WNZEM,50+,70-90,0,0.0
3066-RRJIO,0-10,50-70,0,0.0
4664-NJCMS,30-40,50-70,0,0.0
0307-BCOPK,10-20,10-30,0,0.0
7629-WFGLW,50+,90+,0,0.0
2542-HYGIQ,0-10,10-30,0,0.0
6715-OFDBP,0-10,70-90,0,0.0
5016-LIPDW,50+,10-30,0,0.0
6481-LXPWL,50+,30-50,0,0.0
1567-DSCIC,0-10,90+,0,0.0
2150-UWTFY,20-30,50-70,0,0.0
6124-ACRHJ,0-10,10-30,0,0.0
9362-MWODR,40-50,50-70,0,0.0
9975-GPKZU,40-50,10-30,0,0.0
9625-RZFUK,50+,10-30,0,0.0
5153-LXKDT,50+,90+,0,0.0
5161-UBZXI,50+,90+,0,0.0
1020-JPQOW,50+,90+,0,0.0
7919-ZODZZ,10-20,50-70,0,0.0
0565-JUPYD,50+,90+,0,0.0
6867-ACCZI,20-30,50-70,0,0.0
5939-XAIXZ,10-20,50-70,0,0.0
9054-FOWNV,20-30,70-90,0,0.0
2683-BPJSO,20-30,70-90,0,0.0
2157-MXBJS,10-20,70-90,0,0.0
8207-VVMYB,50+,10-30,0,0.0
9732-EQMWY,40-50,90+,0,0.0
9360-AHGNL,40-50,90+,0,0.0
1087-UDSIH,0-10,10-30,0,0.0
5269-NRGDP,40-50,70-90,0,0.0
6195-MELTI,50+,50-70,0,0.0
5485-WUYWF,0-10,50-70,0,0.0
2121-JAFOM,50+,90+,0,0.0
8818-DOPVL,40-50,90+,0,0.0
2632-UCGVD,50+,90+,0,0.0
5445-PZWGX,50+,90+,0,0.0
1227-UDMZR,50+,90+,0,0.0
5198-HQAEN,30-40,70-90,0,0.0
9170-CCKOU,10-20,90+,0,0.0
2167-FQSTQ,50+,90+,0,0.0
2819-GWENI,20-30,10-30,0,0.0
1043-YCUTE,50+,10-30,0,0.0
3814-MLAXC,30-40,70-90,0,0.0
3572-UUHRS,40-50,10-30,0,0.0
2692-PFYTJ,0-10,10-30,0,0.0
1226-UDFZR,0-10,30-50,0,0.0
5955-EPOAZ,0-10,10-30,0,0.0
6821-JPCDC,40-50,90+,0,0.0
8815-LMFLX,20-30,10-30,0,0.0
9135-HSWOC,50+,10-30,0,0.0
8582-KRHPJ,50+,30-50,0,0.0
5811-IWXYM,50+,90+,0,0.0
7044-YAACC,0-10,70-90,1,70.2
8189-XRIKE,30-40,90+,0,0.0
1506-YJTYT,40-50,70-90,0,0.0
4123-DVHPH,0-10,70-90,1,88.05
6425-YQLLO,50+,90+,0,0.0
5442-UTCVD,0-10,90+,0,0.0
2228-BZDEE,50+,10-30,0,0.0
7734-DBOAI,0-10,30-50,0,0.0
2789-CZANW,50+,90+,0,0.0
2091-RFFBA,30-40,70-90,0,0.0
2114-MGINA,10-20,70-90,0,0.0
7596-LDUXP,10-20,70-90,0,0.0
3740-RLMVT,50+,50-70,0,0.0
4489-SNOJF,30-40,70-90,0,0.0
2192-OZITF,40-50,70-90,0,0.0
5651-CPDND,10-20,30-50,0,0.0
2186-QZEYA,20-30,50-70,0,0.0
1131-ALZWV,20-30,10-30,0,0.0
7729-XBTWX,50+,10-30,0,0.0
9134-WYRVP,50+,70-90,0,0.0
3284-SVCRO,40-50,10-30,0,0.0
9732-OUYRN,40-50,10-30,0,0.0
0559-CKHUS,20-30,10-30,0,0.0
2931-SVLTV,40-50,90+,0,0.0
6899-PPEEA,30-40,90+,0,0.0
7504-UWHNB,20-30,50-70,0,0.0
2582-FFFZR,20-30,50-70,0,0.0
8908-NMQTX,50+,50-70,0,0.0
2187-LZGPL,0-10,30-50,0,0.0
1431-AIDJQ,30-40,70-90,0,0.0
6288-LBEAR,20-30,70-90,0,0.0
4597-NUCQV,20-30,90+,0,0.0
9019-QVLZD,0-10,70-90,0,0.0
8413-YNHNV,50+,90+,0,0.0
5808-TOTXO,0-10,10-30,0,0.0
4369-NYSCF,50+,70-90,0,0.0
6333-YDVLT,50+,90+,0,0.0
5324-KTGCG,50+,10-30,0,0.0
5599-HVLTW,10-20,70-90,0,0.0
7394-LWLYN,0-10,70-90,1,70.15
3707-LRWZD,30-40,70-90,0,0.0
6873-UDNLD,40-50,50-70,0,0.0
2700-LUEVA,0-10,10-30,0,0.0
1455-ESIQH,0-10,70-90,0,0.0
0958-YHXGP,0-10,50-70,0,0.0
1101-SSWAG,10-20,50-70,0,0.0
2979-SXESE,10-20,90+,0,0.0
4013-TLDHQ,10-20,70-90,0,0.0
5743-KHMNA,50+,10-30,0,0.0
4194-FJARJ,50+,50-70,0,0.0
5325-UWTWJ,30-40,90+,0,0.0
3969-GYXEL,10-20,70-90,1,76.4
9208-OLGAQ,10-20,70-90,0,0.0
3244-CQPHU,50+,90+,0,0.0
2674-MLXMN,50+,90+,0,0.0
9708-HPXWZ,0-10,30-50,0,0.0
6992-TKNYO,30-40,50-70,0,0.0
4468-YDOVK,0-10,30-50,0,0.0
3754-DXMRT,0-10,30-50,0,0.0
5792-JALQC,50+,50-70,0,0.0
7130-VTEWQ,0-10,70-90,0,0.0
2200-DSAAL,50+,70-90,0,0.0
4302-ZYFEL,50+,10-30,0,0.0
9351-LZYGF,40-50,50-70,0,0.0
4366-CTOUZ,50+,90+,0,0.0
6121-VZNQB,0-10,10-30,0,0.0
7903-CMPEY,0-10,70-90,0,0.0
1518-OMDIK,30-40,30-50,0,0.0
6671-NGWON,0-10,10-30,0,0.0
0595-ITUDF,50+,90+,0,0.0
6996-KNSML,0-10,70-90,0,0.0
1955-IBMMB,50+,10-30,0,0.0
0096-BXERS,0-10,50-70,0,0.0
3806-YAZOV,0-10,10-30,0,0.0
7998-ZLXWN,10-20,10-30,0,0.0
6253-WRFHY,10-20,50-70,0,0.0
9133-AYJZG,20-30,90+,0,0.0
2675-OTVVJ,30-40,70-90,0,0.0
8680-CGLTP,20-30,50-70,0,0.0
8430-TWCBX,40-50,10-30,0,0.0
5018-GWURO,50+,70-90,0,0.0
6741-QRLUP,50+,70-90,0,0.0
4737-HOBAX,50+,70-90,0,0.0
0537-QYZZN,20-30,70-90,0,0.0
3340-QBBFM,30-40,50-70,0,0.0
1704-NRWYE,0-10,70-90,0,0.0
2592-SEIFQ,0-10,10-30,0,0.0
8200-KLNYW,20-30,70-90,0,0.0
3372-CDXFJ,10-20,10-30,0,0.0
4781-ZXYGU,0-10,10-30,0,0.0
7632-YUTXB,20-30,10-30,0,0.0
2718-YSKCS,50+,10-30,0,0.0
9896-UYMIE,50+,90+,0,0.0
0853-NWIFK,40-50,90+,0,0.0
8212-CRQXP,20-30,70-90,0,0.0
6980-CDGFC,50+,10-30,0,0.0
7691-XVTZH,50+,70-90,0,0.0
2520-SGTTA,0-10,10-30,0,0.0
7481-ATQQS,40-50,90+,0,0.0
2277-VWCNI,0-10,30-50,0,0.0
1088-CNNKB,50+,70-90,0,0.0
8642-GVWRF,0-10,70-90,0,0.0
1930-BZLHI,20-30,10-30,0,0.0
3400-ESFUW,50+,50-70,0,0.0
5868-YTYKS,0-10,10-30,0,0.0
3525-DVKFN,10-20,10-30,0,0.0
1482-OXZSY,30-40,90+,0,0.0
0377-JBKKT,20-30,50-70,0,0.0
5778-BVOFB,0-10,50-70,0,0.0
3373-YZZYM,0-10,10-30,0,0.0
2057-ZBLPD,20-30,70-90,0,0.0
0228-MAUWC,10-20,50-70,0,0.0
5502-RLUYV,50+,90+,0,0.0
0023-HGHWL,0-10,10-30,0,0.0
7663-YJHSN,50+,90+,0,0.0
4915-BFSXL,50+,50-70,0,0.0
3086-RUCRN,50+,90+,0,0.0
5215-LNLDJ,0-10,10-30,0,0.0
7576-JMYWV,40-50,90+,0,0.0
9039-RBEEE,30-40,30-50,0,0.0
0257-KXZGU,30-40,50-70,0,0.0
1307-ATKGB,20-30,70-90,0,0.0
8417-FMLZI,0-10,70-90,0,0.0
3714-XPXBW,30-40,70-90,0,0.0
1850-AKQEP,0-10,10-30,0,0.0
2824-DXNKN,50+,70-90,0,0.0
5227-JSCFE,50+,30-50,0,0.0
0848-ZGQIJ,10-20,90+,0,0.0
3621-CHYVB,50+,30-50,0,0.0
8042-RNLKO,50+,10-30,0,0.0
1792-UXAFY,10-20,70-90,0,0.0
5372-FBKBN,20-30,10-30,0,0.0
0420-TXVSG,50+,50-70,0,0.0
6217-TOWGS,10-20,70-90,0,0.0
0515-YPMCW,0-10,70-90,0,0.0
0378-XSZPU,50+,50-70,0,0.0
1045-LTCYT,0-10,10-30,0,0.0
1544-JJMYL,20-30,50-70,0,0.0
4636-JGAAI,30-40,70-90,0,0.0
6874-SGLHU,30-40,90+,0,0.0
5951-AOFIH,30-40,50-70,0,0.0
4729-XKASR,0-10,10-30,0,0.0
3059-NGMXB,10-20,50-70,0,0.0
8652-YHIYU,10-20,70-90,0,0.0
5278-PNYOX,40-50,90+,0,0.0
5449-FIBXJ,10-20,90+,0,0.0
3486-HOOGQ,50+,70-90,0,0.0
5061-PBXFW,30-40,50-70,0,0.0
8630-FJLIB,10-20,50-70,0,0.0
3891-NLXJB,30-40,30-50,0,0.0
4749-OJKQU,0-10,70-90,1,75.65
0577-WHMEV,10-20,90+,0,0.0
5453-AXEPF,10-20,70-90,0,0.0
3639-XJHKQ,10-20,50-70,0,0.0
3716-LRGXK,50+,90+,0,0.0
2263-SFSQZ,50+,10-30,0,0.0
9950-MTGYX,20-30,10-30,0,0.0
3397-AVTKU,40-50,50-70,0,0.0
4825-FUREZ,40-50,10-30,0,0.0
9837-BMCLM,0-10,70-90,0,0.0
2672-OJQZP,0-10,30-50,0,0.0
0137-UDEUO,0-10,10-30,0,0.0
3134-DSHVC,50+,90+,0,0.0
6161-UUUTA,0-10,70-90,0,0.0
7821-DPRQE,50+,90+,0,0.0
6543-XRMYR,30-40,90+,0,0.0
2001-EWBQU,50+,90+,0,0.0
4925-LMHOK,10-20,50-70,0,0.0
1608-GMEWB,40-50,90+,0,0.0
6695-AMZUF,50+,70-90,0,0.0
1455-UGQVH,10-20,90+,0,0.0
8410-BGQXN,0-10,10-30,0,0.0
8280-MQRQN,0-10,50-70,0,0.0
1619-YWUBB,50+,10-30,0,0.0
7611-YKYTC,20-30,70-90,0,0.0
2037-SGXHH,30-40,90+,0,0.0
3178-FESZO,0-10,90+,0,0.0
0365-GXEZS,10-20,70-90,0,0.0
0082-OQIQY,20-30,90+,0,0.0
6087-MVHJH,10-20,70-90,0,0.0
4603-JANFB,0-10,50-70,0,0.0
3018-TFTSU,10-20,70-90,0,0.0
3606-SBKRY,30-40,50-70,0,0.0
4806-KEXQR,0-10,70-90,0,0.0
0667-NSRGI,40-50,50-70,0,0.0
7083-YNSKY,10-20,10-30,0,0.0
6893-ODYYE,50+,90+,0,0.0
8242-JSVBO,0-10,30-50,0,0.0
2479-BRAMR,40-50,70-90,0,0.0
9541-ZPSEA,50+,70-90,0,0.0
2665-NPTGL,20-30,90+,0,0.0
1139-WUOAH,50+,50-70,0,0.0
4693-VWVBO,0-10,10-30,0,0.0
7434-SHXLS,0-10,10-30,0,0.0
6937-GCDGQ,10-20,30-50,0,0.0
0988-JRWWP,0-10,50-70,0,0.0
5075-JSDKI,50+,10-30,0,0.0
7908-QCBCA,0-10,50-70,0,0.0
8644-XYTSV,40-50,30-50,0,0.0
6711-FLDFB,0-10,70-90,0,0.0
3873-WOSBC,50+,10-30,0,0.0
7465-ZZRVX,0-10,70-90,1,70.35
7975-JMZNT,50+,90+,0,0.0
7251-XFOIL,50+,70-90,0,0.0
4116-IQRFR,0-10,10-30,0,0.0
3714-JTVOV,40-50,70-90,0,0.0
8259-DZLIZ,50+,50-70,0,0.0
0442-ZXKVS,50+,90+,0,0.0
7853-WNZSY,0-10,10-30,0,0.0
3120-FAZKD,50+,10-30,0,0.0
8606-OEGQZ,10-20,10-30,0,0.0
0225-ZORZP,0-10,70-90,1,84.3
4702-IOQDC,0-10,70-90,0,0.0
9489-JMTTN,50+,70-90,0,0.0
0575-CUQOV,50+,90+,0,0.0
0967-BMLBD,10-20,10-30,0,0.0
6178-KFNHS,10-20,70-90,0,0.0
2830-LEWOA,50+,90+,0,0.0
5006-MXVRN,30-40,10-30,0,0.0
1264-BYWMS,50+,90+,0,0.0
9658-WYUFB,10-20,90+,0,0.0
8327-WKMIE,30-40,10-30,0,0.0
6917-FIJHC,50+,10-30,0,0.0
5329-KRDTM,50+,70-90,0,0.0
7797-EJMDP,0-10,50-70,0,0.0
3530-VWVGU,20-30,10-30,0,0.0
2013-SGDXK,0-10,70-90,0,0.0
6368-NWMCE,30-40,50-70,0,0.0
3633-CDBUW,10-20,70-90,0,0.0
0707-HOVVN,50+,70-90,0,0.0
8580-QVLOC,50+,90+,0,0.0
3956-MGXOG,20-30,70-90,0,0.0
9274-UARKJ,10-20,70-90,0,0.0
4077-HWUYD,50+,70-90,0,0.0
2012-NWRPA,10-20,90+,0,0.0
8808-ELEHO,0-10,70-90,0,0.0
0103-CSITQ,50+,90+,0,0.0
3506-LCJDC,0-10,10-30,0,0.0
8671-KKKOS,40-50,30-50,0,0.0
7305-ZWMAJ,30-40,10-30,0,0.0
9518-XXBXE,10-20,70-90,1,75.3
3934-HXCFZ,20-30,90+,0,0.0
6578-KRMAW,30-40,90+,0,0.0
4860-IJUDE,10-20,70-90,0,0.0
7666-WKRON,30-40,70-90,0,0.0
9688-YGXVR,40-50,70-90,0,0.0
0423-UDIJQ,0-10,30-50,0,0.0
1945-XISKS,50+,10-30,0,0.0
4910-AQFFX,0-10,70-90,0,0.0
2154-KVJFF,10-20,70-90,0,0.0
5360-LJCNJ,50+,90+,0,0.0
2607-FBDFF,0-10,30-50,0,0.0
9647-ERGBE,30-40,90+,0,0.0
3428-XZMAZ,0-10,50-70,0,0.0
1100-DDVRV,10-20,30-50,0,0.0
0378-TOVMS,0-10,70-90,0,0.0
4355-HBJHH,50+,70-90,0,0.0
6728-WYQBC,0-10,10-30,0,0.0
9058-CBREO,0-10,50-70,0,0.0
9029-FEGVJ,30-40,70-90,0,0.0
7216-KAOID,40-50,10-30,0,0.0
0318-QUUOB,0-10,70-90,0,0.0
6145-NNPNO,0-10,30-50,0,0.0
5520-FVEWJ,10-20,70-90,0,0.0
5339-TJFEK,50+,90+,0,0.0
5572-ZDXHY,20-30,70-90,0,0.0
2074-GUHPQ,10-20,90+,0,0.0
4625-XMOYM,50+,10-30,0,0.0
5827-MWCZK,50+,90+,0,0.0
1385-TQOZW,0-10,10-30,0,0.0
5914-XRFQB,50+,90+,0,0.0
4329-YPDDQ,20-30,90+,0,0.0
4804-NCPET,10-20,10-30,0,0.0
3750-CKVKH,0-10,50-70,0,0.0
5944-UGLLK,50+,50-70,0,0.0
8063-GBATB,20-30,70-90,0,0.0
7787-BNTZM,0-10,10-30,0,0.0
2252-ISRNH,0-10,90+,0,0.0
9415-TPKRV,0-10,50-70,0,0.0
5322-TEUJK,50+,90+,0,0.0
4547-KQRTM,10-20,70-90,0,0.0
4877-EVATK,0-10,10-30,0,0.0
1866-DIOQZ,50+,50-70,0,0.0
8375-KVTHK,50+,90+,0,0.0
2697-NQBPF,30-40,90+,0,0.0
3709-OIJEA,20-30,70-90,0,0.0
7639-SUPCW,20-30,30-50,0,0.0
1386-ZIKUV,0-10,10-30,0,0.0
0599-XNYDO,20-30,50-70,0,0.0
6377-WHAOX,50+,90+,0,0.0
6855-VLGOS,50+,10-30,0,0.0
8999-XXGNS,50+,90+,0,0.0
8746-OQQRW,0-10,10-30,0,0.0
3181-MIZBN,10-20,10-30,0,0.0
0471-ARVMX,50+,90+,0,0.0
7766-CLTIC,10-20,50-70,0,0.0
5650-YLIBA,30-40,70-90,0,0.0
0825-CPPQH,50+,10-30,0,0.0
9084-OAYKL,50+,10-30,0,0.0
6122-LJADA,50+,90+,0,0.0
2400-XIWIO,50+,90+,0,0.0
7524-VRLPL,50+,70-90,0,0.0
1069-XAIEM,0-10,70-90,0,0.0
7569-NMZYQ,50+,90+,0,0.0
5201-USSQZ,20-30,70-90,0,0.0
2105-PHWON,30-40,90+,0,0.0
1494-EJZDW,10-20,10-30,0,0.0
4884-TVUQF,50+,90+,0,0.0
8003-EWNDZ,10-20,10-30,0,0.0
1897-RCFUM,30-40,10-30,0,0.0
9256-JTBNZ,10-20,10-30,0,0.0
4658-HCOHW,20-30,90+,0,0.0
2211-RMNHO,50+,70-90,0,0.0
2432-TFSMK,10-20,70-90,0,0.0
3440-JPSCL,0-10,90+,0,0.0
4929-ROART,10-20,50-70,0,0.0
1834-ABKHQ,50+,50-70,0,0.0
1741-WTPON,50+,90+,0,0.0
3932-IJWDZ,40-50,90+,0,0.0
1240-HCBOH,50+,10-30,0,0.0
3594-KADLU,0-10,30-50,0,0.0
8065-BVEPF,50+,90+,0,0.0
3796-ENZGF,50+,50-70,0,0.0
1734-ZMNTZ,10-20,10-30,0,0.0
2853-CWQFQ,0-10,50-70,0,0.0
0813-TAXXS,50+,70-90,0,0.0
2519-TWKFS,20-30,50-70,0,0.0
2889-FPWRM,50+,90+,0,0.0
0626-QXNGV,50+,10-30,0,0.0
6723-CEGQI,50+,30-50,0,0.0
6987-XQSJT,50+,70-90,0,0.0
4732-RRJZC,0-10,10-30,0,0.0
9499-XPZXM,50+,50-70,0,0.0
4338-EYCER,20-30,50-70,0,0.0
3007-FDPEA,0-10,10-30,0,0.0
6350-XFYGW,0-10,90+,1,94.75
4290-BSXUX,0-10,70-90,0,0.0
8513-OLYGY,50+,90+,0,0.0
0311-QYWSS,0-10,30-50,0,0.0
8705-DWKTI,50+,70-90,0,0.0
8755-IWJHN,50+,90+,0,0.0
0325-XBFAC,0-10,90+,0,0.0
4480-QQRHC,0-10,70-90,0,0.0
0929-PECLO,50+,70-90,0,0.0
3680-CTHUH,50+,90+,0,0.0
1202-KKGFU,10-20,50-70,0,0.0
6112-KTHFQ,10-20,10-30,0,0.0
1852-XEMDW,20-30,50-70,0,0.0
2462-XIIJB,0-10,90+,0,0.0
4760-XOHVN,0-10,10-30,0,0.0
1820-DJFPH,50+,10-30,0,0.0
9426-SXNHE,0-10,10-30,0,0.0
9068-FHQHD,40-50,10-30,0,0.0
1269-FOYWN,40-50,10-30,0,0.0
9470-YFUYI,50+,70-90,0,0.0
7817-BOQPW,0-10,70-90,0,0.0
7402-EYFXX,20-30,90+,0,0.0
1853-UDXBW,0-10,70-90,0,0.0
9895-VFOXH,0-10,10-30,0,0.0
5458-CQJTA,50+,70-90,0,0.0
1230-QAJDW,0-10,50-70,0,0.0
5701-ZIKJE,10-20,50-70,0,0.0
5219-YIPTK,30-40,90+,0,0.0
5032-MIYKT,0-10,70-90,0,0.0
7396-VJUZB,0-10,30-50,0,0.0
9717-QEBGU,0-10,70-90,1,70.3
5172-RKOCB,50+,90+,0,0.0
6509-TSGWN,30-40,10-30,0,0.0
3540-RZJYU,10-20,70-90,0,0.0
3178-CIFOT,20-30,10-30,0,0.0
2091-MJTFX,30-40,50-70,0,0.0
4530-NDRKU,40-50,10-30,0,0.0
5985-TBABQ,30-40,70-90,0,0.0
9800-ONTFE,20-30,70-90,0,0.0
6743-HHQPF,40-50,10-30,0,0.0
8455-HIRAQ,0-10,30-50,0,0.0
6616-AALSR,50+,90+,0,0.0
0883-EIBTI,0-10,10-30,0,0.0
9415-ZNBSX,50+,70-90,0,0.0
4018-KJYUY,20-30,10-30,0,0.0
0722-TROQR,0-10,70-90,0,0.0
7571-YXDAD,0-10,70-90,0,0.0
3884-UEBXB,50+,30-50,0,0.0
8780-RSYYU,20-30,10-30,0,0.0
5537-UXXVS,20-30,10-30,0,0.0
1791-PQHBB,0-10,50-70,0,0.0
8701-DGLVH,50+,10-30,0,0.0
8741-LQOBK,40-50,30-50,0,0.0
3393-FMZPV,20-30,90+,0,0.0
8082-GHXOP,10-20,30-50,0,0.0
6402-ZFPPI,20-30,90+,0,0.0
0980-FEXWF,20-30,50-70,0,0.0
7486-KSRVI,40-50,90+,0,0.0
3011-WQKSZ,10-20,10-30,0,0.0
8443-WVPSS,10-20,90+,0,0.0
3006-XIMLN,0-10,90+,0,0.0
8218-FFJDS,50+,70-90,0,0.0
1986-PHGZF,10-20,50-70,0,0.0
9965-YOKZB,0-10,70-90,0,0.0
0504-HHAPI,20-30,70-90,0,0.0
9360-OMDZZ,20-30,90+,0,0.0
6305-YLBMM,50+,90+,0,0.0
0345-XMMUG,40-50,90+,0,0.0
8024-XNAFQ,50+,90+,0,0.0
3647-GMGDH,20-30,90+,0,0.0
2988-GBIVW,50+,90+,0,0.0
2832-SCUCO,0-10,10-30,0,0.0
7036-ZZKBD,30-40,50-70,0,0.0
3791-LGQCY,50+,90+,0,0.0
0265-PSUAE,10-20,90+,0,0.0
0463-TXOAK,50+,10-30,0,0.0
0594-UFTUL,10-20,10-30,0,0.0
9509-MPYOD,30-40,10-30,0,0.0
9128-CPXKI,50+,90+,0,0.0
0129-KPTWJ,50+,90+,0,0.0
8166-ZZTFS,50+,70-90,0,0.0
5855-EIBDE,40-50,90+,0,0.0
5365-LLFYV,0-10,30-50,0,0.0
5956-YHHRX,20-30,90+,0,0.0
6008-NAIXK,50+,50-70,0,0.0
2956-GGUCQ,20-30,70-90,0,0.0
1928-BXYIV,0-10,50-70,0,0.0
5760-FXFVO,0-10,70-90,1,78.95
6595-COKXZ,0-10,30-50,0,0.0
0961-ZWLVI,40-50,90+,0,0.0
5181-OABFK,50+,50-70,0,0.0
4007-NHVHI,50+,90+,0,0.0
7816-VGHTO,0-10,30-50,0,0.0
5871-DGTXZ,30-40,10-30,0,0.0
7550-WIQVA,50+,90+,0,0.0
7544-ZVIKX,50+,90+,0,0.0
0016-QLJIS,50+,90+,0,0.0
7508-DQAKK,50+,70-90,0,0.0
5176-OLSKT,50+,50-70,0,0.0
9356-AXGMP,30-40,90+,0,0.0
3556-BVQGL,20-30,10-30,0,0.0
0362-ZBZWJ,30-40,70-90,0,0.0
8979-CAMGB,50+,90+,0,0.0
4211-MMAZN,0-10,10-30,0,0.0
7581-EBBOU,50+,70-90,0,0.0
4274-OWWYO,0-10,70-90,0,0.0
5073-RZGBK,50+,70-90,0,0.0
1541-ETJZO,0-10,50-70,0,0.0
2192-CKRLV,50+,30-50,0,0.0
3154-HMWUU,50+,10-30,0,0.0
6119-SPUDB,40-50,30-50,0,0.0
6522-OIQSX,50+,50-70,0,0.0
7813-ZGGAW,30-40,90+,0,0.0
8748-HFWBO,10-20,10-30,0,0.0
1052-QJIBV,50+,10-30,0,0.0
1319-YLZJG,10-20,70-90,1,84.6
4106-HADHQ,30-40,70-90,0,0.0
0723-FDLAY,40-50,70-90,0,0.0
3050-RLLXC,50+,70-90,0,0.0
9298-WGMRW,50+,90+,0,0.0
2369-UAPKZ,0-10,90+,0,0.0
3088-LHEFH,10-20,70-90,0,0.0
2778-OCLGR,20-30,30-50,0,0.0
6583-KQJLK,10-20,90+,0,0.0
8544-JNBOX,50+,10-30,0,0.0
6681-ZSEXG,50+,50-70,0,0.0
6139-ZZRBQ,50+,10-30,0,0.0
6116-RFVHN,30-40,90+,0,0.0
0637-KVDLV,0-10,70-90,0,0.0
8884-FEEWR,30-40,10-30,0,0.0
3125-RAHBV,20-30,10-30,0,0.0
6633-MPWBS,0-10,30-50,0,0.0
0373-AIVNJ,0-10,30-50,0,0.0
8785-EPNCG,10-20,10-30,0,0.0
1682-VCOIO,20-30,10-30,0,0.0
5729-KLZAR,0-10,70-90,0,0.0
2072-ZVJJX,50+,10-30,0,0.0
8849-AYPTR,30-40,90+,0,0.0
9518-IMLHK,30-40,70-90,0,0.0
1582-RAFML,0-10,50-70,0,0.0
3646-ITDGM,50+,10-30,0,0.0
8740-CRYFY,0-10,70-90,0,0.0
3569-VLDHH,50+,70-90,0,0.0
8224-KDLKN,50+,10-30,0,0.0
7594-LZNWR,30-40,50-70,0,0.0
4001-TSBTV,50+,90+,0,0.0
2962-XPMCQ,0-10,30-50,0,0.0
8727-XDPUD,30-40,30-50,0,0.0
1043-UXOVO,50+,90+,0,0.0
1064-FBXNK,0-10,10-30,0,0.0
3996-ZNWYK,50+,10-30,0,0.0
2878-DHMIN,30-40,10-30,0,0.0
7762-ONLJY,0-10,10-30,0,0.0
1678-FYZOW,0-10,70-90,0,0.0
5795-BKOYE,50+,50-70,0,0.0
8627-EHGIP,40-50,50-70,0,0.0
7402-PWYJJ,50+,90+,0,0.0
5480-TBGPH,20-30,90+,0,0.0
0018-NYROU,0-10,50-70,1,68.95
7501-VTYLJ,0-10,50-70,0,0.0
7608-RGIRO,50+,10-30,0,0.0
0480-BIXDE,10-20,90+,0,0.0
5895-QSXOD,0-10,70-90,0,0.0
9814-AOUDH,50+,10-30,0,0.0
6175-IRFIT,0-10,70-90,0,0.0
8760-ZRHKE,50+,50-70,0,0.0
1622-HSHSF,0-10,10-30,0,0.0
8854-CCVSQ,10-20,70-90,0,0.0
6749-UTDVX,50+,90+,0,0.0
5542-DHSXL,0-10,50-70,0,0.0
9102-OXKFY,50+,50-70,0,0.0
0511-JTEOY,0-10,70-90,0,0.0
5216-WASFJ,30-40,70-90,0,0.0
7808-DVWEP,0-10,10-30,0,0.0
7067-KSAZT,50+,90+,0,0.0
2284-VFLKH,40-50,90+,0,0.0
0366-NQSHS,0-10,10-30,0,0.0
6532-YLWSI,50+,10-30,0,0.0
3807-BPOMJ,50+,90+,0,0.0
3892-NXAZG,50+,90+,0,0.0
4948-WBBKL,30-40,70-90,0,0.0
4182-BGSIQ,10-20,10-30,0,0.0
9300-AGZNL,0-10,90+,0,0.0
0988-AADSA,50+,70-90,0,0.0
9972-NKTFD,20-30,50-70,0,0.0
3717-LNXKW,30-40,90+,0,0.0
5734-EJKXG,50+,90+,0,0.0
2207-RYYRL,50+,10-30,0,0.0
6729-FZWSY,50+,10-30,0,0.0
9695-IDRZR,30-40,90+,0,0.0
8144-DGHXP,50+,70-90,0,0.0
7814-LEEVE,0-10,10-30,0,0.0
1112-CUNAO,10-20,70-90,0,0.0
5175-AOBHI,0-10,30-50,0,0.0
5174-RNGBH,0-10,50-70,0,0.0
8631-WUXGY,40-50,90+,0,0.0
7270-BDIOA,20-30,90+,0,0.0
9565-JSNFM,30-40,70-90,0,0.0
5906-DVAPM,50+,70-90,0,0.0
6654-QGBZZ,0-10,10-30,0,0.0
8348-JLBUG,50+,70-90,0,0.0
0607-DAAHE,50+,10-30,0,0.0
5641-DMBFJ,50+,70-90,0,0.0
9200-NLNPD,50+,50-70,0,0.0
2664-XJZNO,50+,90+,0,0.0
9732-KPKBW,0-10,50-70,0,0.0
3339-EAQNV,50+,90+,0,0.0
0921-OHLVP,20-30,70-90,0,0.0
3389-YGYAI,0-10,90+,0,0.0
9560-ARGQJ,10-20,70-90,0,0.0
8350-NYMVI,30-40,30-50,0,0.0
1600-DILPE,10-20,30-50,0,0.0
0536-ESJEP,50+,70-90,0,0.0
4654-GGUII,10-20,30-50,0,0.0
6478-HRRCZ,30-40,70-90,0,0.0
8510-BBWMU,40-50,10-30,0,0.0
6857-TKDJV,50+,10-30,0,0.0
2360-RDGRO,50+,90+,0,0.0
0584-BJQGZ,20-30,70-90,0,0.0
5134-IKDAY,0-10,50-70,0,0.0
1360-XFJMR,50+,90+,0,0.0
3070-DVEYC,0-10,70-90,0,0.0
5730-RIITO,40-50,30-50,0,0.0
9058-MJLZC,20-30,90+,0,0.0
5707-ORNDZ,0-10,50-70,0,0.0
0902-XKXPN,50+,10-30,0,0.0
5177-RVZNU,30-40,10-30,0,0.0
0056-EPFBG,20-30,30-50,0,0.0
8993-IZEUX,0-10,50-70,0,0.0
8696-JKZNU,30-40,70-90,0,0.0
5380-AFSSK,0-10,90+,0,0.0
8190-ZTQFB,40-50,50-70,0,0.0
0931-MHTEM,50+,90+,0,0.0
2055-PDADH,0-10,70-90,0,0.0
7515-LODFU,50+,10-30,0,0.0
0440-UEDAI,50+,90+,0,0.0
1337-BOZWO,10-20,30-50,0,0.0
0868-VJRDR,50+,90+,0,0.0
8714-EUHJO,30-40,90+,0,0.0
6344-SFJVH,20-30,10-30,0,0.0
3950-VPYJB,50+,50-70,0,0.0
8041-TMEID,50+,90+,0,0.0
7321-ZNSLA,10-20,30-50,0,0.0
6941-KXRRV,40-50,50-70,0,0.0
3721-CNEYS,0-10,70-90,0,0.0
8727-JQFHV,50+,10-30,0,0.0
9475-NNDGC,50+,90+,0,0.0
1355-KUSBG,0-10,30-50,0,0.0
3688-FTHLT,10-20,50-70,0,0.0
0899-LIIBW,30-40,90+,0,0.0
2568-OIADY,30-40,90+,0,0.0
1384-RCUXW,10-20,70-90,0,0.0
5825-XJOCM,40-50,50-70,0,0.0
6848-YLDFR,50+,70-90,0,0.0
8125-QPFJD,50+,70-90,0,0.0
2320-YKQBO,0-10,10-30,0,0.0
1193-RTSLK,30-40,70-90,0,0.0
2302-ANTDP,40-50,90+,0,0.0
5923-GXUOC,10-20,90+,0,0.0
4973-RLZVI,30-40,70-90,0,0.0
7869-ZYDST,30-40,50-70,0,0.0
4501-UYKBC,40-50,50-70,0,0.0
1215-EXRMO,50+,10-30,0,0.0
2305-MRGLV,20-30,70-90,0,0.0
8404-VIOMB,50+,50-70,0,0.0
5233-GEEAX,0-10,10-30,0,0.0
2359-KLTEK,40-50,90+,0,0.0
5304-EFJLP,50+,90+,0,0.0
2673-ZALNP,0-10,10-30,0,0.0
9184-GALIL,30-40,10-30,0,0.0
4393-RYCRE,40-50,90+,0,0.0
9746-MDMBK,40-50,90+,0,0.0
3162-ZJZFU,50+,90+,0,0.0
8404-GFGCZ,0-10,50-70,0,0.0
8875-AKBYH,20-30,70-90,0,0.0
4432-ADRLB,0-10,30-50,0,0.0
0533-UCAAU,50+,70-90,0,0.0
1394-SUIUH,40-50,70-90,0,0.0
3521-MNKLV,20-30,30-50,0,0.0
2533-TIBIX,10-20,30-50,0,0.0
8993-PHFWD,0-10,10-30,0,0.0
1565-RHDJD,0-10,70-90,0,0.0
7137-RYLPP,30-40,70-90,0,0.0
3765-JXVKY,0-10,70-90,0,0.0
5092-STPKP,20-30,50-70,0,0.0
7330-WZLNC,0-10,90+,0,0.0
0114-PEGZZ,30-40,90+,0,0.0
3359-DSRKA,50+,10-30,0,0.0
8639-NHQEI,50+,90+,0,0.0
7161-DFHUF,50+,10-30,0,0.0
3957-LXOLK,20-30,90+,0,0.0
3720-DBRWL,50+,70-90,0,0.0
6635-MYYYZ,30-40,70-90,0,0.0
8565-WUXZU,50+,70-90,0,0.0
5281-BUZGT,30-40,90+,0,0.0
4994-OBRSZ,10-20,70-90,0,0.0
0562-FGDCR,50+,70-90,0,0.0
2436-QBZFP,20-30,30-50,0,0.0
3420-YJLQT,0-10,70-90,1,79.55
6040-CGACY,10-20,10-30,0,0.0
6582-PLFUU,50+,10-30,0,0.0
8242-PDSGJ,50+,30-50,0,0.0
0264-CNITK,50+,10-30,0,0.0
0089-IIQKO,30-40,90+,0,0.0
7839-NUIAA,50+,50-70,0,0.0
6075-QMNRR,50+,30-50,0,0.0
5378-IKEEG,0-10,30-50,0,0.0
5966-EMAZU,50+,90+,0,0.0
0440-EKDCF,50+,50-70,0,0.0
4774-HHGGS,30-40,10-30,0,0.0
2718-GAXQD,0-10,30-50,0,0.0
2055-BFOCC,50+,70-90,0,0.0
8180-AKMJV,0-10,30-50,0,0.0
4298-OYIFC,10-20,90+,0,0.0
5566-SOEZD,20-30,70-90,0,0.0
9842-EFSYY,0-10,50-70,0,0.0
2272-WUSPA,50+,90+,0,0.0
4584-LBNMK,40-50,10-30,0,0.0
3898-GUYTS,40-50,90+,0,0.0
0930-EHUZA,30-40,70-90,0,0.0
6413-XKKPU,10-20,70-90,0,0.0
9975-SKRNR,0-10,10-30,0,0.0
3703-KBKZP,10-20,70-90,0,0.0
1449-XQEMT,0-10,10-30,0,0.0
2626-URJFX,0-10,50-70,0,0.0
4973-MGTON,50+,70-90,0,0.0
3682-YEUWS,10-20,10-30,0,0.0
1223-UNPKS,20-30,10-30,0,0.0
2612-RRIDN,0-10,70-90,0,0.0
4735-ASGMA,20-30,90+,0,0.0
3446-QDSZF,0-10,50-70,0,0.0
3669-LVWZB,0-10,50-70,0,0.0
6892-EZDTG,0-10,90+,0,0.0
5117-IFGPS,20-30,70-90,0,0.0
7379-FNIUJ,0-10,90+,0,0.0
1627-AFWVJ,20-30,10-30,0,0.0
9725-SCPZG,0-10,90+,0,0.0
5884-GCYMI,0-10,50-70,0,0.0
3217-FZDMN,0-10,90+,0,0.0
4486-EFAEB,10-20,10-30,0,0.0
0060-FUALY,50+,90+,0,0.0
7853-GVUDZ,0-10,10-30,0,0.0
7480-QNVZJ,50+,90+,0,0.0
6954-OOYZZ,10-20,30-50,0,0.0
7088-FBAWU,10-20,70-90,0,0.0
8313-AFGBW,40-50,70-90,0,0.0
3943-KDREE,20-30,70-90,0,0.0
9239-ZBZZV,0-10,30-50,0,0.0
3097-IDVPU,10-20,50-70,0,0.0
4398-HSCJH,0-10,50-70,0,0.0
2197-OMWGI,50+,50-70,0,0.0
2303-PJYHN,0-10,10-30,0,0.0
9795-VOWON,0-10,10-30,0,0.0
1237-WIYYZ,10-20,10-30,0,0.0
1987-AUELQ,50+,10-30,0,0.0
7852-LECYP,10-20,90+,0,0.0
4430-UZIPO,0-10,30-50,0,0.0
4822-LPTYJ,50+,90+,0,0.0
8165-CBKXO,50+,50-70,0,0.0
6527-PZFPV,20-30,10-30,0,0.0
4855-SNKMY,0-10,30-50,0,0.0
9593-CVZKR,50+,10-30,0,0.0
8595-SIZNC,20-30,10-30,0,0.0
8008-HAWED,10-20,50-70,0,0.0
7124-UGSUR,50+,90+,0,0.0
1862-SKORY,40-50,30-50,0,0.0
5236-XMZJY,40-50,50-70,0,0.0
4827-DPADN,50+,70-90,0,0.0
2694-CIUMO,10-20,70-90,0,0.0
5846-ABOBJ,50+,10-30,0,0.0
1439-LCGVL,20-30,10-30,0,0.0
0909-SDHNU,0-10,10-30,0,0.0
4647-XXZAM,0-10,30-50,0,0.0
1502-XFCVR,50+,90+,0,0.0
7740-KKCXF,50+,30-50,0,0.0
5360-XGYAZ,50+,50-70,0,0.0
9692-TUSXH,10-20,90+,0,0.0
7912-SYRQT,0-10,70-90,0,0.0
3557-HTYWR,40-50,70-90,0,0.0
4816-JBHOV,0-10,30-50,0,0.0
8920-NAVAY,50+,90+,0,0.0
1699-TLDLZ,10-20,10-30,0,0.0
5600-PDUJF,0-10,30-50,0,0.0
8292-TYSPY,10-20,50-70,0,0.0
0567-XRHCU,50+,30-50,0,0.0
1867-BDVFH,10-20,70-90,0,0.0
2067-QYTCF,50+,90+,0,0.0
2359-QWQUL,30-40,90+,0,0.0
9103-TCIHJ,10-20,50-70,0,0.0
7407-SUJIZ,20-30,10-30,0,0.0
9150-KPBJQ,0-10,10-30,0,0.0
0052-DCKON,50+,90+,0,0.0
3654-ARMGP,50+,70-90,0,0.0
9699-UBQFS,40-50,90+,0,0.0
9367-TCUYN,10-20,10-30,0,0.0
1261-FWTTE,20-30,30-50,0,0.0
3528-HFRIQ,50+,50-70,0,0.0
0708-SJDIS,30-40,50-70,0,0.0
4140-WJAWW,0-10,10-30,0,0.0
2073-QBVBI,40-50,30-50,0,0.0
6928-ONTRW,50+,10-30,0,0.0
3320-VEOYC,10-20,90+,0,0.0
5231-FIQPA,40-50,10-30,0,0.0
6617-WLBQC,20-30,70-90,0,0.0
2599-CIPQE,50+,90+,0,0.0
6653-CBBOM,0-10,70-90,0,0.0
8774-GSBUN,50+,10-30,0,0.0
7326-RIGQZ,0-10,50-70,1,69.8
1401-FTHFQ,20-30,10-30,0,0.0
3247-ZVOUO,10-20,70-90,0,0.0
0254-FNMCI,50+,90+,0,0.0
1848-LBZHY,0-10,50-70,0,0.0
6101-IMRMM,0-10,90+,0,0.0
8118-TJAFG,0-10,90+,0,0.0
5429-LWCMV,10-20,70-90,1,89.15
7298-IZWLY,0-10,10-30,0,0.0
9758-MFWGD,40-50,10-30,0,0.0
3955-JBZZM,20-30,70-90,0,0.0
1268-ASBGA,10-20,70-90,0,0.0
8943-URTMR,0-10,70-90,0,0.0
4815-TUMEQ,10-20,10-30,0,0.0
4713-LZDRV,0-10,70-90,0,0.0
9909-IDLEK,20-30,90+,0,0.0
4092-OFQZS,20-30,10-30,0,0.0
1561-BWHIN,10-20,10-30,0,0.0
4325-NFSKC,10-20,90+,0,0.0
9927-DSWDF,20-30,90+,0,0.0
9500-LTVBP,30-40,70-90,0,0.0
7252-NTGSS,0-10,30-50,0,0.0
8149-AIQCG,30-40,70-90,0,0.0
1360-JYXKQ,50+,90+,0,0.0
2955-PSXOE,0-10,10-30,0,0.0
7762-URZQH,50+,90+,0,0.0
0899-WZRSD,50+,90+,0,0.0
3255-GRXMG,10-20,30-50,0,0.0
4828-FAZPK,10-20,70-90,0,0.0
6094-ZIVKX,50+,50-70,0,0.0
6925-BAYGL,50+,10-30,0,0.0
3262-EIDHV,50+,70-90,0,0.0
7354-OIJLX,0-10,70-90,1,75.85
1376-HHBDV,30-40,30-50,0,0.0
6907-NZZIJ,30-40,90+,0,0.0
6133-OZILE,10-20,30-50,0,0.0
4135-FRWKJ,50+,70-90,0,0.0
2911-UREFD,30-40,50-70,0,0.0
3744-ZRRDZ,20-30,70-90,0,0.0
5673-TIYIB,0-10,30-50,0,0.0
6551-ZCOTS,30-40,10-30,0,0.0
7191-ADRGF,40-50,50-70,0,0.0
5018-LXQQG,30-40,50-70,0,0.0
6892-BOGQE,50+,10-30,0,0.0
1602-IJQQE,0-10,70-90,0,0.0
4628-WQCQQ,30-40,70-90,0,0.0
1746-TGTWV,0-10,70-90,0,0.0
5995-SNNEW,20-30,90+,0,0.0
8050-WYBND,20-30,30-50,0,0.0
2821-WARNZ,40-50,10-30,0,0.0
4879-GZLFH,40-50,90+,0,0.0
1644-IRKSF,30-40,90+,0,0.0
8314-HTWVE,0-10,10-30,0,0.0
9402-ROUMJ,50+,90+,0,0.0
2507-QZPQS,10-20,90+,0,0.0
7159-NOKYQ,50+,90+,0,0.0
5707-ZMDJP,50+,50-70,0,0.0
8779-YIQQA,20-30,10-30,0,0.0
7136-IHZJA,40-50,70-90,0,0.0
8966-OIQHG,20-30,10-30,0,0.0
7074-STDCN,30-40,30-50,0,0.0
3705-PSNGL,40-50,10-30,0,0.0
8739-QOTTN,0-10,10-30,0,0.0
1399-OUPJN,50+,10-30,0,0.0
0277-BKSQP,0-10,50-70,0,0.0
6502-HCJTI,0-10,90+,0,0.0
2606-RMDHZ,0-10,30-50,0,0.0
5774-XZTQC,0-10,10-30,0,0.0
2676-SSLTO,40-50,50-70,0,0.0
6266-QHOJZ,50+,70-90,0,0.0
7269-JISCY,50+,30-50,0,0.0
0363-SVHYR,50+,70-90,0,0.0
8547-NSBBO,30-40,90+,0,0.0
8258-GSTJK,0-10,70-90,0,0.0
6861-OKBCE,10-20,10-30,0,0.0
9940-RHLFB,0-10,70-90,0,0.0
6591-QGOYB,10-20,90+,0,0.0
9070-BCKQP,50+,90+,0,0.0
6421-SZVEM,20-30,70-90,0,0.0
1328-EUZHC,10-20,10-30,0,0.0
2995-UPRYS,40-50,90+,0,0.0
8878-RYUKI,50+,50-70,0,0.0
9633-DENPU,40-50,50-70,0,0.0
7811-JIVPF,20-30,30-50,0,0.0
7113-HIPFI,50+,50-70,0,0.0
8541-QVFKM,0-10,70-90,1,73.5
6686-YPGHK,40-50,70-90,0,0.0
1383-EZRWL,0-10,10-30,0,0.0
9258-CNWAC,50+,90+,0,0.0
5371-VYLSX,50+,70-90,0,0.0
6374-AFWOX,40-50,50-70,0,0.0
4759-TRPLW,0-10,70-90,0,0.0
5317-FLPJF,50+,50-70,0,0.0
7621-VPNET,40-50,70-90,0,0.0
6034-YMTOB,0-10,70-90,0,0.0
8563-IIOXK,0-10,30-50,0,0.0
4903-CNOZC,20-30,70-90,0,0.0
4353-HYOJD,20-30,30-50,0,0.0
8020-BWHYL,10-20,70-90,0,0.0
7267-FRMJW,20-30,10-30,0,0.0
2982-VPSGI,10-20,90+,0,0.0
4188-FRABG,50+,90+,0,0.0
8199-ZLLSA,50+,90+,0,0.0
4128-ETESU,40-50,90+,0,0.0
0620-DLSLK,10-20,70-90,0,0.0
4625-EWPTF,0-10,30-50,0,0.0
5980-NOPLP,40-50,90+,0,0.0
3850-OKINF,50+,50-70,0,0.0
6892-XPFPU,20-30,90+,0,0.0
8010-EZLOU,10-20,70-90,0,0.0
1156-ZFYDO,0-10,10-30,0,0.0
3295-YVUSR,0-10,70-90,0,0.0
8016-NCFVO,50+,90+,0,0.0
4119-ZYPZY,50+,90+,0,0.0
5549-ZGHFB,50+,10-30,0,0.0
7577-SWIFR,0-10,70-90,1,89.25
0303-WMMRN,0-10,10-30,0,0.0
6408-OTUBZ,50+,90+,0,0.0
5204-HMGYF,40-50,70-90,0,0.0
1078-TDCRN,0-10,30-50,0,0.0
3727-OVPRY,50+,10-30,0,0.0
3797-FKOGQ,10-20,70-90,1,86.2
7622-NXQZR,20-30,30-50,0,0.0
6196-HBOBZ,50+,90+,0,0.0
3970-XGJDU,50+,10-30,0,0.0
7017-VFULY,0-10,10-30,0,0.0
5562-YJQGT,0-10,10-30,0,0.0
8807-OPMBM,50+,10-30,0,0.0
5439-WIKXB,40-50,90+,0,0.0
9874-QLCLH,10-20,90+,0,0.0
8294-UIMBA,30-40,90+,0,0.0
8109-YUOHE,10-20,50-70,0,0.0
5840-NVDCG,10-20,50-70,0,0.0
8092-NLTGF,50+,10-30,0,0.0
5928-QLDHB,0-10,70-90,1,76.25
9840-EFJQB,0-10,70-90,1,74.35
0696-UKTOX,20-30,50-70,0,0.0
4801-KFYKL,0-10,10-30,0,0.0
3472-OAOOR,10-20,30-50,0,0.0
6135-OZQVA,0-10,50-70,0,0.0
8062-YBDOE,0-10,50-70,0,0.0
2252-JHJGE,50+,90+,0,0.0
4188-PCPIG,50+,70-90,0,0.0
6000-APYLU,0-10,70-90,0,0.0
7105-BENQF,10-20,50-70,0,0.0
7721-DVEKZ,0-10,10-30,0,0.0
3566-VVORZ,10-20,30-50,0,0.0
9507-HSMMZ,50+,10-30,0,0.0
2480-SQIOB,0-10,30-50,0,0.0
0947-IDHRQ,0-10,70-90,0,0.0
7813-TKCVO,20-30,10-30,0,0.0
0128-MKWSG,20-30,30-50,0,0.0
3672-YITQD,30-40,70-90,0,0.0
4350-ZTLPI,50+,90+,0,0.0
9048-JVYVF,0-10,50-70,0,0.0
0361-HJRDX,50+,50-70,0,0.0
5727-MYATE,50+,90+,0,0.0
3823-KYNQY,10-20,10-30,0,0.0
8988-ECPJR,30-40,70-90,0,0.0
7570-WELNY,50+,70-90,0,0.0
3021-VLNRJ,50+,70-90,0,0.0
3776-EKTKM,0-10,30-50,0,0.0
2080-CAZNM,40-50,90+,0,0.0
1028-FFNJK,30-40,90+,0,0.0
6907-FLBER,0-10,50-70,0,0.0
3001-UNBTL,20-30,90+,0,0.0
5982-PSMKW,20-30,90+,0,0.0
3507-GASNP,50+,10-30,0,0.0
7096-ZNBZI,50+,10-30,0,0.0
1902-XBTFB,20-30,70-90,0,0.0
1676-MQAOA,50+,70-90,0,0.0
0786-IVLAW,50+,90+,0,0.0
7566-DSRLQ,50+,90+,0,0.0
0643-OKLRP,40-50,70-90,0,0.0
7245-JMTTQ,50+,90+,0,0.0
6050-IJRHS,50+,90+,0,0.0
6202-JVYEU,0-10,10-30,0,0.0
8591-TKMZH,50+,90+,0,0.0
0734-OXWBT,0-10,70-90,0,0.0
4282-ACRXS,30-40,10-30,0,0.0
0365-TRTPY,30-40,90+,0,0.0
7349-ALMUX,30-40,50-70,0,0.0
9381-NDKME,20-30,30-50,0,0.0
6502-KUGLL,10-20,50-70,0,0.0
1841-YSJGV,50+,90+,0,0.0
2794-XIMMO,50+,50-70,0,0.0
8382-SHQEH,0-10,70-90,0,0.0
3511-BFTJW,50+,30-50,0,0.0
7668-XCFYV,10-20,90+,0,0.0
2983-ZANRP,0-10,70-90,0,0.0
7845-URHJN,0-10,10-30,0,0.0
3034-ZBEQN,40-50,30-50,0,0.0
5018-HEKFO,10-20,10-30,0,0.0
2923-ARZLG,0-10,10-30,0,0.0
3976-NLDEZ,0-10,10-30,0,0.0
2282-YGNOR,20-30,50-70,0,0.0
5336-UFNZP,50+,90+,0,0.0
6854-EXGSF,0-10,50-70,0,0.0
1241-EZFMJ,50+,10-30,0,0.0
9233-PSYHO,40-50,90+,0,0.0
5376-PCKNB,50+,90+,0,0.0
8044-BGWPI,10-20,10-30,0,0.0
4060-LDNLU,0-10,90+,1,96.2
3589-PPVKW,0-10,30-50,0,0.0
8327-LZKAS,40-50,90+,0,0.0
5887-IKKYO,50+,90+,0,0.0
1075-BGWOH,10-20,90+,0,0.0
1755-RMCXH,0-10,10-30,0,0.0
0302-JOIVN,0-10,90+,0,0.0
3858-XHYJO,40-50,90+,0,0.0
4299-SIMNS,0-10,70-90,1,81.15
7025-IWFHT,40-50,70-90,0,0.0
6261-LHRTG,20-30,50-70,0,0.0
7841-FCRQD,30-40,50-70,0,0.0
2056-EVGZL,50+,90+,0,0.0
8777-MBMTS,50+,90+,0,0.0
7753-USQYQ,50+,50-70,0,0.0
5366-IJEQJ,20-30,70-90,0,0.0
7661-CPURM,10-20,70-90,0,0.0
6233-HXJMX,40-50,70-90,0,0.0
5902-WBLSE,50+,10-30,0,0.0
1981-INRFU,0-10,70-90,0,0.0
4971-PUYQO,20-30,90+,0,0.0
3239-TPHPZ,10-20,10-30,0,0.0
5115-GZDEL,50+,50-70,0,0.0
3338-CVVEH,10-20,90+,1,94.55
8485-GJCDN,0-10,50-70,0,0.0
2615-YVMYX,50+,90+,0,0.0
2851-STERV,30-40,70-90,0,0.0
4393-GEADV,50+,90+,0,0.0
8486-AYEQH,30-40,70-90,0,0.0
1527-SXDPN,50+,90+,0,0.0
6029-WTIPC,30-40,90+,0,0.0
8634-CILSZ,50+,90+,0,0.0
5419-JKZNQ,30-40,70-90,0,0.0
2495-KZNFB,30-40,90+,0,0.0
1409-PHXTF,50+,90+,0,0.0
4560-WQAQW,50+,50-70,0,0.0
9591-YVTEB,50+,30-50,0,0.0
9309-BZGNT,50+,10-30,0,0.0
4274-DRSQT,50+,70-90,0,0.0
2027-DNKIV,30-40,50-70,0,0.0
8075-GXIUB,0-10,10-30,0,0.0
2885-HIJDH,50+,70-90,0,0.0
5424-RLQLC,10-20,50-70,0,0.0
6682-QJDGB,40-50,50-70,0,0.0
6507-DTJZV,10-20,50-70,0,0.0
8780-IXSTS,0-10,90+,0,0.0
7673-BQGKU,50+,10-30,0,0.0
6723-WSNTY,50+,90+,0,0.0
9530-EHPOH,10-20,50-70,0,0.0
2725-IWWBA,40-50,50-70,0,0.0
0345-HKJVM,0-10,70-90,0,0.0
1061-PNTHC,50+,90+,0,0.0
0394-YONDK,50+,10-30,0,0.0
6574-MCOEH,30-40,70-90,0,0.0
7399-QHBJS,50+,50-70,0,0.0
3049-SOLAY,0-10,90+,0,0.0
0997-YTLNY,10-20,30-50,0,0.0
3317-HRTNN,0-10,30-50,0,0.0
9479-HYNYL,50+,70-90,0,0.0
3235-ETOOB,0-10,70-90,0,0.0
9708-KFDBY,0-10,10-30,0,0.0
8058-INTPH,0-10,70-90,0,0.0
3642-GKTCT,50+,90+,0,0.0
0774-RMNUW,50+,50-70,0,0.0
1334-PDUKM,50+,70-90,0,0.0
0756-MPZRL,40-50,30-50,0,0.0
2242-MFOTG,30-40,70-90,0,0.0
2927-CVULT,50+,90+,0,0.0
2144-BFDSO,50+,90+,0,0.0
8745-PVESG,50+,30-50,0,0.0
7647-GYYKX,50+,10-30,0,0.0
5647-FXOTP,50+,90+,0,0.0
5569-OUICF,20-30,90+,0,0.0
8821-XNHVZ,0-10,70-90,0,0.0
2082-OJVTK,20-30,70-90,0,0.0
9700-ISPUP,10-20,50-70,0,0.0
9839-ETQOE,40-50,30-50,0,0.0
6078-VESFR,10-20,70-90,0,0.0
9027-TMATR,40-50,70-90,0,0.0
5940-NFXKV,10-20,70-90,0,0.0
1941-HOSAM,0-10,90+,1,90.1
9110-HSGTV,50+,70-90,0,0.0
0704-VCUMB,50+,10-30,0,0.0
6171-ZTVYB,40-50,50-70,0,0.0
8053-WWDRO,0-10,10-30,0,0.0
9564-KCLHR,0-10,50-70,0,0.0
1935-IMVBB,50+,70-90,0,0.0
2535-PBCGC,50+,50-70,0,0.0
2082-CEFLT,0-10,30-50,0,0.0
1470-PSXNM,40-50,90+,0,0.0
1213-NGCUN,0-10,30-50,0,0.0
2498-XLDZR,30-40,70-90,0,0.0
9866-OCCKE,50+,90+,0,0.0
5338-YHWYT,30-40,50-70,0,0.0
7718-UPSKJ,50+,90+,0,0.0
8731-WBBMB,20-30,70-90,0,0.0
1448-CYWKC,50+,90+,0,0.0
7901-IIDQV,20-30,50-70,0,0.0
2690-DVRVK,0-10,10-30,0,0.0
5688-KZTSN,10-20,10-30,0,0.0
1270-XKUCC,30-40,10-30,0,0.0
0334-ZFJSR,50+,50-70,0,0.0
2894-QOJRX,20-30,30-50,0,0.0
5747-PMBSQ,10-20,90+,0,0.0
5583-EJXRD,40-50,50-70,0,0.0
4565-EVZMJ,40-50,50-70,0,0.0
3143-JQEGI,10-20,70-90,0,0.0
6386-SZZKH,40-50,90+,0,0.0
3327-YBAKM,50+,90+,0,0.0
9441-QHEVC,0-10,10-30,0,0.0
6705-LNMDD,20-30,50-70,0,0.0
2580-ASVVY,30-40,30-50,0,0.0
3370-GQEAL,30-40,70-90,0,0.0
5032-USPKF,30-40,70-90,0,0.0
2982-IHMFT,0-10,70-90,0,0.0
3521-SYVOR,30-40,50-70,0,0.0
4254-QPEDE,50+,50-70,0,0.0
6283-GITPX,50+,70-90,0,0.0
9526-JAWYF,20-30,70-90,0,0.0
0771-CHWSK,50+,70-90,0,0.0
9788-HNGUT,50+,90+,0,0.0
9495-REDIY,20-30,30-50,0,0.0
5375-XLDOF,50+,90+,0,0.0
1172-VIYBP,50+,50-70,0,0.0
5649-VUKMC,10-20,90+,0,0.0
6559-PDZLR,20-30,90+,0,0.0
8992-OBVDG,20-30,50-70,0,0.0
4273-MBHYA,0-10,70-90,1,89.35
4724-WXVWF,40-50,90+,0,0.0
5701-GUXDC,20-30,30-50,0,0.0
1460-UZPRJ,50+,10-30,0,0.0
6082-GLJIX,10-20,10-30,0,0.0
5143-EGQFK,10-20,10-30,0,0.0
4919-IKATY,0-10,70-90,0,0.0
2495-TTHBQ,0-10,10-30,0,0.0
0485-ZBSLN,50+,10-30,0,0.0
3810-PJUHR,50+,10-30,0,0.0
9050-QLROH,10-20,90+,0,0.0
0847-HGRML,50+,10-30,0,0.0
8232-CTLKO,50+,50-70,0,0.0
9227-YBAXE,50+,70-90,0,0.0
6168-WFVVF,0-10,70-90,0,0.0
9860-LISIZ,30-40,10-30,0,0.0
0112-QAWRZ,10-20,90+,0,0.0
0877-SDMBN,50+,90+,0,0.0
2786-GCDPI,50+,90+,0,0.0
4043-MKDTV,50+,90+,0,0.0
8065-YKXKD,10-20,70-90,0,0.0
9637-EIHEQ,0-10,50-70,0,0.0
9229-RQABD,10-20,10-30,0,0.0
8313-KTIHG,0-10,50-70,0,0.0
5320-BRKGK,50+,70-90,0,0.0
6284-KMNUF,50+,90+,0,0.0
9689-PTNPG,0-10,70-90,0,0.0
9465-RWMXL,30-40,70-90,0,0.0
6229-UOLQL,50+,50-70,0,0.0
2362-IBOOY,30-40,70-90,0,0.0
3137-LUPIX,0-10,50-70,0,0.0
0843-WTBXE,50+,70-90,0,0.0
6143-JQKEA,10-20,30-50,0,0.0
8676-OOQEJ,0-10,30-50,0,0.0
5515-IDEJJ,0-10,10-30,0,0.0
9701-CDXHR,50+,50-70,0,0.0
7450-NWRTR,10-20,90+,0,0.0
8124-NZVGJ,0-10,30-50,0,0.0
2162-FRZAA,50+,30-50,0,0.0
5376-DEQCP,0-10,70-90,0,0.0
5118-MUEYH,40-50,90+,0,0.0
9095-HFAFX,0-10,70-90,0,0.0
5627-TVBPP,30-40,10-30,0,0.0
2379-ENZGV,0-10,70-90,0,0.0
3936-QQFLL,0-10,10-30,0,0.0
2589-AYCRP,50+,10-30,0,0.0
4067-HLYQI,30-40,70-90,0,0.0
5124-EOGYE,30-40,10-30,0,0.0
5057-RKGLH,0-10,10-30,0,0.0
0292-WEGCH,50+,70-90,0,0.0
8910-ICHIU,40-50,90+,0,0.0
4097-YODCF,30-40,90+,0,0.0
9715-WZCLW,50+,90+,0,0.0
9786-YWNHU,50+,50-70,0,0.0
6407-GSJNL,50+,10-30,0,0.0
6005-OBZPH,20-30,70-90,0,0.0
4049-ZPALD,50+,90+,0,0.0
7932-WPTDS,0-10,10-30,0,0.0
3733-UOCWF,50+,70-90,0,0.0
6833-JMZYP,10-20,90+,0,0.0
2722-VOJQL,50+,90+,0,0.0
1310-QRITU,10-20,50-70,0,0.0
8961-QDZZJ,50+,90+,0,0.0
9715-SBVSU,10-20,50-70,0,0.0
8490-BXHEO,10-20,70-90,0,0.0
7173-TETGO,50+,70-90,0,0.0
7929-SKFGK,50+,90+,0,0.0
2300-RQGOI,30-40,10-30,0,0.0
3563-SVYLG,50+,50-70,0,0.0
5228-EXCET,10-20,70-90,0,0.0
6435-VWCCY,50+,90+,0,0.0
4998-IKFSE,30-40,90+,0,0.0
8630-QSGXK,50+,70-90,0,0.0
2455-USLMV,30-40,70-90,0,0.0
7394-FKDNK,0-10,70-90,0,0.0
9488-FVZCC,50+,70-90,0,0.0
6331-LWDTQ,10-20,70-90,0,0.0
5995-WWKKG,30-40,10-30,0,0.0
1597-FZREH,0-10,70-90,0,0.0
7879-CGSFV,50+,90+,0,0.0
9921-EZKBY,30-40,90+,0,0.0
7432-FFVAR,40-50,90+,0,0.0
7246-ZGQDF,0-10,50-70,0,0.0
7000-WCEVQ,20-30,50-70,0,0.0
0727-IWKVK,0-10,70-90,0,0.0
5959-BELXA,30-40,90+,0,0.0
4456-RHSNB,10-20,30-50,0,0.0
3512-IZIKN,50+,50-70,0,0.0
2481-SBOYW,50+,10-30,0,0.0
7109-MFBYV,20-30,30-50,0,0.0
1833-TCXKK,40-50,90+,0,0.0
1832-PEUTS,50+,70-90,0,0.0
6141-OOXUQ,0-10,10-30,0,0.0
8660-BUETV,0-10,30-50,0,0.0
0580-PIQHM,40-50,90+,0,0.0
5696-CEIQJ,50+,90+,0,0.0
7503-ZGUZJ,0-10,70-90,0,0.0
1696-HXOWK,50+,90+,0,0.0
3026-ATZYV,30-40,70-90,0,0.0
4012-YCFAI,50+,50-70,0,0.0
2506-TNFCO,0-10,50-70,0,0.0
9970-QBCDA,0-10,10-30,0,0.0
8718-PTMEZ,10-20,30-50,0,0.0
9496-IVVRP,10-20,50-70,0,0.0
2207-OBZNX,0-10,50-70,0,0.0
2657-VPXTA,10-20,70-90,1,88.85
6551-VLJMV,30-40,10-30,0,0.0
1221-GHZEP,50+,50-70,0,0.0
9289-LBQVU,50+,70-90,0,0.0
6142-VSJQO,0-10,30-50,0,0.0
3458-IDMFK,20-30,10-30,0,0.0
6933-FHBZC,20-30,50-70,0,0.0
0221-NAUXK,10-20,10-30,0,0.0
9770-KXGQU,50+,90+,0,0.0
6437-UKHMV,0-10,70-90,0,0.0
6538-POCHL,30-40,70-90,0,0.0
6726-NNFWD,50+,70-90,0,0.0
3002-WQZWT,20-30,70-90,0,0.0
4277-UDIEF,20-30,70-90,0,0.0
1208-NBVFH,20-30,30-50,0,0.0
4912-PIGUY,0-10,70-90,1,84.6
1114-CENIM,50+,50-70,0,0.0
6060-DRTNL,0-10,70-90,0,0.0
2725-TTRIQ,50+,70-90,0,0.0
3374-TTZTK,50+,90+,0,0.0
8990-ZXLSU,0-10,50-70,1,69.05
2275-RBYQS,0-10,30-50,0,0.0
8473-VUVJN,0-10,70-90,0,0.0
6289-CPNLD,30-40,70-90,0,0.0
5536-SLHPM,50+,70-90,0,0.0
4419-UJMUS,50+,90+,0,0.0
7794-JASDG,0-10,50-70,0,0.0
7609-YBPXG,50+,70-90,0,0.0
5519-TEEUH,30-40,10-30,0,0.0
7856-GANIL,40-50,90+,0,0.0
0804-XBFBV,10-20,10-30,0,0.0
2676-OXPPQ,0-10,50-70,0,0.0
3703-TTEPD,20-30,50-70,0,0.0
2799-TSLAG,50+,10-30,0,0.0
0196-VULGZ,0-10,70-90,0,0.0
8837-VVWLQ,0-10,70-90,0,0.0
2696-NARTR,10-20,70-90,0,0.0
2208-NKVVH,40-50,10-30,0,0.0
7614-QVWQL,40-50,50-70,0,0.0
1976-CFOCS,0-10,30-50,0,0.0
4631-OACRM,10-20,70-90,0,0.0
7139-JZFVG,50+,50-70,0,0.0
4987-GQWPO,10-20,10-30,0,0.0
3755-JBMNH,10-20,70-90,0,0.0
1757-TCATG,30-40,10-30,0,0.0
6345-ULYRW,40-50,70-90,0,0.0
4776-XSKYQ,10-20,30-50,0,0.0
8048-DSDFQ,0-10,10-30,0,0.0
5753-QQWPW,20-30,50-70,0,0.0
6010-DDPPW,50+,10-30,0,0.0
1809-DMJHQ,0-10,30-50,0,0.0
6693-FRIRW,10-20,90+,0,0.0
6586-MYGKD,50+,70-90,0,0.0
3173-NVMPX,0-10,50-70,0,0.0
0248-PGHBZ,50+,90+,0,0.0
0623-GDISB,0-10,30-50,0,0.0
2892-GESUL,10-20,10-30,0,0.0
6923-EFPNL,0-10,50-70,0,0.0
7472-EQOAV,50+,70-90,0,0.0
9574-RKJIF,30-40,90+,0,0.0
2043-WVTQJ,0-10,50-70,0,0.0
8034-RYTVV,50+,70-90,0,0.0
3863-QSTYI,50+,50-70,0,0.0
2619-WFQWU,0-10,70-90,0,0.0
5044-LRQAQ,0-10,50-70,0,0.0
1716-LSAMB,40-50,50-70,0,0.0
1333-PBMXB,50+,10-30,0,0.0
6546-OPBBH,50+,10-30,0,0.0
5985-BEHZK,50+,90+,0,0.0
9127-QRZMH,40-50,50-70,0,0.0
5919-VCZYM,0-10,10-30,0,0.0
9644-KVCNC,50+,90+,0,0.0
2137-DQMEV,50+,30-50,0,0.0
8174-LNWMW,30-40,10-30,0,0.0
9279-CJEOJ,20-30,90+,0,0.0
7964-VEXDG,20-30,70-90,0,0.0
2404-JIBFC,50+,70-90,0,0.0
0778-NELLA,0-10,30-50,0,0.0
8029-XYPWT,50+,90+,0,0.0
4614-NUVZD,0-10,70-90,0,0.0
4632-PAOYU,20-30,10-30,0,0.0
3803-KMQFW,0-10,10-30,0,0.0
6804-GDMOI,50+,90+,0,0.0
2990-OGYTD,50+,70-90,0,0.0
6646-JPPHA,10-20,70-90,0,0.0
9572-MTILT,50+,90+,0,0.0
7658-UYUQS,20-30,70-90,0,0.0
7880-XSOJX,0-10,30-50,0,0.0
9611-CTWIH,0-10,70-90,0,0.0
4589-IUAJB,50+,10-30,0,0.0
0329-GTIAJ,0-10,90+,0,0.0
8746-BFOAJ,20-30,10-30,0,0.0
8457-XIGKN,20-30,10-30,0,0.0
6072-NUQCB,20-30,10-30,0,0.0
6629-CZTTH,0-10,50-70,0,0.0
8838-GPHZP,50+,10-30,0,0.0
8750-QWZAJ,50+,10-30,0,0.0
5364-EVNIB,10-20,70-90,0,0.0
6918-UMQCG,0-10,70-90,1,80.2
0675-NCDYU,50+,90+,0,0.0
6339-DKLMK,10-20,30-50,0,0.0
1346-PJWTK,50+,90+,0,0.0
5088-QZLRL,0-10,10-30,0,0.0
8023-QHAIO,50+,70-90,0,0.0
4397-FRLTA,0-10,10-30,0,0.0
3057-VJJQE,30-40,50-70,0,0.0
5087-SUURX,10-20,30-50,0,0.0
2302-OUZXB,50+,70-90,0,0.0
8133-ANHHJ,40-50,90+,0,0.0
2270-CHBFN,40-50,90+,0,0.0
0013-EXCHZ,0-10,70-90,0,0.0
5982-FPVQN,30-40,90+,0,0.0
9107-UKCKY,50+,70-90,0,0.0
4654-ULTTN,50+,70-90,0,0.0
5550-VFRLC,0-10,50-70,0,0.0
5546-BYZSM,40-50,10-30,0,0.0
1492-KGETH,50+,70-90,0,0.0
4929-BSTRX,0-10,50-70,0,0.0
4163-HFTUK,50+,10-30,0,0.0
8215-NGSPE,40-50,10-30,0,0.0
2225-ZRGSG,50+,90+,0,0.0
8859-YSTWS,40-50,10-30,0,0.0
5271-YNWVR,50+,90+,0,0.0
7601-DHFWZ,40-50,10-30,0,0.0
2657-ALMWY,20-30,70-90,0,0.0
6330-JKLPC,10-20,70-90,0,0.0
4667-OHGKG,0-10,10-30,0,0.0
1998-VHJHK,20-30,10-30,0,0.0
1707-HABPF,40-50,90+,0,0.0
1660-HSOOQ,0-10,30-50,0,0.0
7253-UVNDW,40-50,50-70,0,0.0
0487-VVUVK,20-30,10-30,0,0.0
7228-OMTPN,0-10,70-90,0,0.0
5063-IUOKK,10-20,10-30,0,0.0
4508-OEBEY,30-40,70-90,0,0.0
0027-KWYKW,20-30,70-90,0,0.0
2308-STERM,0-10,10-30,0,0.0
5982-XMDEX,50+,10-30,0,0.0
6284-AHOOQ,20-30,90+,0,0.0
6051-PTVNS,50+,10-30,0,0.0
2344-JMOGN,0-10,90+,0,0.0
3799-ISUZQ,0-10,50-70,0,0.0
2877-VDUER,30-40,30-50,0,0.0
9152-AMKAK,0-10,70-90,0,0.0
1794-HBQTJ,0-10,30-50,0,0.0
9432-VOFYX,10-20,70-90,0,0.0
8049-WJCLQ,10-20,50-70,0,0.0
6586-PSJOX,10-20,50-70,0,0.0
2460-FPSYH,40-50,50-70,0,0.0
9705-ZJBCG,10-20,50-70,0,0.0
4818-DRBQT,20-30,70-90,0,0.0
1320-HTRDR,0-10,70-90,0,0.0
6847-KJLTS,50+,90+,0,0.0
9670-BPNXF,40-50,50-70,0,0.0
3913-FCUUW,50+,70-90,0,0.0
3301-VKTGC,50+,70-90,0,0.0
1493-AMTIE,0-10,10-30,0,0.0
9555-SAHUZ,30-40,50-70,0,0.0
0816-TSPHQ,0-10,10-30,0,0.0
9932-WBWIK,10-20,10-30,0,0.0
4619-EVPHY,20-30,90+,0,0.0
5286-YHCVC,50+,90+,0,0.0
6424-ELEYH,0-10,70-90,0,0.0
4391-RESHN,20-30,90+,0,0.0
9115-YQHGA,40-50,50-70,0,0.0
4462-CYWMH,50+,70-90,0,0.0
8963-MQVYN,20-30,10-30,0,0.0
2458-EOMRE,10-20,50-70,0,0.0
9334-GWGOW,0-10,70-90,1,74.85
6821-BUXUX,10-20,90+,0,0.0
5028-HTLJB,0-10,10-30,0,0.0
9801-GDWGV,30-40,90+,0,0.0
6542-LWGXJ,0-10,10-30,0,0.0
5567-GZKQY,50+,10-30,0,0.0
1222-LRYKO,0-10,10-30,0,0.0
2320-JRSDE,0-10,10-30,0,0.0
2087-QAREY,20-30,50-70,0,0.0
0601-WZHJF,10-20,30-50,0,0.0
4423-JWZJN,50+,90+,0,0.0
5143-WMWOG,0-10,10-30,0,0.0
6490-FGZAT,0-10,10-30,0,0.0
5393-RXQSZ,0-10,70-90,0,0.0
7452-FOLON,30-40,10-30,0,0.0
2320-TZRRH,20-30,10-30,0,0.0
0231-LXVAP,0-10,70-90,0,0.0
9444-JTXHZ,0-10,70-90,0,0.0
4942-VZZOM,50+,50-70,0,0.0
5510-BOIUJ,0-10,10-30,0,0.0
7502-BNYGS,40-50,50-70,0,0.0
4291-HYEBC,20-30,30-50,0,0.0
6147-CBCRA,30-40,10-30,0,0.0
6047-SUHPR,30-40,50-70,0,0.0
4471-KXAUH,40-50,70-90,0,0.0
9752-ZNQUT,0-10,30-50,0,0.0
7638-QVMVY,0-10,70-90,0,0.0
1576-PFZIW,50+,90+,0,0.0
5666-MBJPT,50+,10-30,0,0.0
7312-XSBAT,0-10,30-50,0,0.0
3096-GKWEB,10-20,90+,0,0.0
2371-JQHZZ,20-30,90+,0,0.0
0674-GCDXG,50+,70-90,0,0.0
1121-QSIVB,40-50,70-90,0,0.0
4396-KLSEH,0-10,10-30,0,0.0
3244-DCJWY,0-10,70-90,0,0.0
2824-MYYBN,30-40,90+,0,0.0
0875-CABNR,10-20,70-90,0,0.0
6345-HOVES,30-40,10-30,0,0.0
8318-LCNBW,30-40,50-70,0,0.0
6469-QJKZW,0-10,10-30,0,0.0
0147-ESWWR,30-40,90+,0,0.0
1217-VASWC,40-50,90+,0,0.0
7812-FZHPE,10-20,10-30,0,0.0
6370-ZVHDV,50+,10-30,0,0.0
5915-DGNVC,40-50,70-90,0,0.0
6260-XLACS,0-10,10-30,0,0.0
3566-CAAYU,50+,30-50,0,0.0
4983-CCWMC,0-10,50-70,0,0.0
9103-CXVOK,0-10,10-30,0,0.0
2896-TBNBE,40-50,70-90,0,0.0
4797-AXPXK,0-10,50-70,0,0.0
5229-PRWKT,0-10,70-90,0,0.0
6982-UQZLY,0-10,10-30,0,0.0
2522-WLNSF,30-40,50-70,0,0.0
3841-CONLJ,0-10,30-50,0,0.0
5057-LCOUI,30-40,50-70,0,0.0
0193-ESZXP,50+,90+,0,0.0
4475-NVTLU,40-50,10-30,0,0.0
4369-HTUIF,0-10,70-90,0,0.0
9386-LDCZR,40-50,90+,0,0.0
9585-KKMFD,40-50,10-30,0,0.0
5399-ZIMKF,0-10,70-90,1,74.65
0336-KXKFK,50+,50-70,0,0.0
5619-XZZKR,0-10,10-30,0,0.0
3948-FVVRP,0-10,50-70,0,0.0
5327-XOKKY,50+,70-90,0,0.0
0983-TATYJ,30-40,50-70,0,0.0
1813-JYWTO,50+,70-90,0,0.0
0156-FVPTA,20-30,50-70,0,0.0
1984-FCOWB,50+,90+,0,0.0
0654-HMSHN,20-30,90+,0,0.0
6719-OXYBR,10-20,70-90,0,0.0
3312-ZWLGF,20-30,70-90,0,0.0
6476-YHMGA,10-20,70-90,0,0.0
5287-QWLKY,50+,90+,0,0.0
0795-XCCTE,50+,10-30,0,0.0
0168-XZKBB,10-20,70-90,0,0.0
3785-NRHYR,0-10,10-30,0,0.0
5196-SGOAK,0-10,70-90,0,0.0
4537-DKTAL,0-10,30-50,0,0.0
7072-MBHEV,10-20,70-90,0,0.0
5602-BVFMK,10-20,10-30,0,0.0
6297-NOOPG,50+,90+,0,0.0
1891-UAWWU,20-30,90+,0,0.0
8204-TIFGJ,20-30,10-30,0,0.0
8050-DVOJX,40-50,70-90,0,0.0
6108-OQZDQ,0-10,90+,0,0.0
0363-QJVFX,30-40,90+,0,0.0
8903-XEBGX,0-10,50-70,0,0.0
8169-SAEJD,50+,50-70,0,0.0
9840-DVNDC,0-10,70-90,0,0.0
1089-XZWHH,20-30,10-30,0,0.0
2325-WINES,30-40,90+,0,0.0
6064-ZATLR,20-30,50-70,0,0.0
3096-JRDSO,20-30,90+,0,0.0
7824-PANSQ,50+,70-90,0,0.0
8042-JVNFH,0-10,70-90,0,0.0
9648-BCHKM,10-20,10-30,0,0.0
2888-ADFAO,40-50,10-30,0,0.0
8707-HOEDG,50+,90+,0,0.0
3374-LXDEV,10-20,70-90,0,0.0
4072-IPYLT,30-40,50-70,0,0.0
7167-PCEYD,50+,10-30,0,0.0
4936-YPJNK,10-20,10-30,0,0.0
1580-BMCMR,10-20,70-90,0,0.0
4817-KEQSP,50+,10-30,0,0.0
6408-WHTEF,50+,70-90,0,0.0
9251-AWQGT,40-50,10-30,0,0.0
8749-CLJXC,0-10,10-30,0,0.0
7989-VCQOH,10-20,70-90,0,0.0
5049-GLYVG,0-10,10-30,0,0.0
4199-QHJNM,50+,90+,0,0.0
8882-TLVRW,50+,30-50,0,0.0
5883-GTGVD,10-20,90+,0,0.0
5135-GRQJV,50+,90+,0,0.0
2384-OVPSA,30-40,10-30,0,0.0
1371-WEPDS,40-50,50-70,0,0.0
3580-GICBM,50+,10-30,0,0.0
4817-QRJSX,10-20,70-90,0,0.0
9730-DRTMJ,30-40,70-90,0,0.0
4686-UXDML,20-30,90+,0,0.0
3349-ANQNH,50+,90+,0,0.0
2398-YPMUR,10-20,70-90,0,0.0
0932-YIXYU,40-50,10-30,0,0.0
7480-SPLEF,50+,10-30,0,0.0
7636-XUHWW,0-10,10-30,0,0.0
1431-CYWMH,20-30,10-30,0,0.0
5937-EORGB,10-20,90+,0,0.0
6349-JDHQP,50+,10-30,0,0.0
5539-HIVAK,20-30,10-30,0,0.0
5847-MXBEO,20-30,10-30,0,0.0
9985-MWVIX,0-10,70-90,0,0.0
4583-PARNH,10-20,90+,0,0.0
1116-FRYVH,40-50,30-50,0,0.0
1421-HCERK,30-40,90+,0,0.0
9633-XQABV,0-10,70-90,1,70.25
0716-BQNDX,50+,90+,0,0.0
1265-XTECC,50+,90+,0,0.0
1183-CANVH,20-30,50-70,0,0.0
1972-XMUWV,50+,50-70,0,0.0
8679-LZBMD,40-50,90+,0,0.0
3407-JMJQQ,50+,90+,0,0.0
6252-DFGTK,30-40,50-70,0,0.0
1539-LNKHM,10-20,10-30,0,0.0
8645-KOMJQ,50+,70-90,0,0.0
0289-IVARM,30-40,50-70,0,0.0
9761-XUJWD,0-10,50-70,0,0.0
4057-FKCZK,50+,70-90,0,0.0
4291-TPNFG,50+,70-90,0,0.0
6087-YPWHO,50+,50-70,0,0.0
3090-QFUVD,0-10,10-30,0,0.0
2237-ZFSMY,30-40,90+,0,0.0
1722-LDZJS,50+,10-30,0,0.0
1818-ESQMW,20-30,70-90,0,0.0
4871-JTKJF,0-10,50-70,0,0.0
1415-YFWLT,0-10,70-90,0,0.0
7401-RUBNK,10-20,70-90,0,0.0
0506-YLVKJ,40-50,10-30,0,0.0
8661-BOYNW,50+,70-90,0,0.0
6711-VTNRE,30-40,70-90,0,0.0
4815-GBTCD,0-10,10-30,0,0.0
2805-AUFQN,20-30,10-30,0,0.0
0980-PVMRC,40-50,50-70,0,0.0
7233-DRTRF,50+,90+,0,0.0
3500-RMZLT,10-20,90+,0,0.0
3873-NFTGI,10-20,50-70,0,0.0
1162-ECVII,50+,90+,0,0.0
7048-GXDAY,30-40,90+,0,0.0
8571-ZCMCX,40-50,50-70,0,0.0
1169-WCVAK,10-20,70-90,0,0.0
4548-SDBKE,0-10,70-90,0,0.0
8066-POXGX,10-20,30-50,0,0.0
7129-CAKJW,10-20,70-90,0,0.0
8695-ARGXZ,30-40,70-90,0,0.0
3570-YUEKJ,40-50,30-50,0,0.0
4143-OOBWZ,0-10,70-90,0,0.0
1555-HAPSU,50+,10-30,0,0.0
1697-NVVGY,10-20,50-70,0,0.0
7854-EKTJL,0-10,10-30,0,0.0
8464-EETCQ,50+,10-30,0,0.0
2419-FSORS,50+,90+,0,0.0
8132-YPVBX,0-10,70-90,0,0.0
9102-IAYHT,10-20,70-90,0,0.0
6754-LZUKA,50+,70-90,0,0.0
3422-LYEPQ,0-10,70-90,0,0.0
8099-MZPUJ,40-50,90+,0,0.0
0787-LHDYT,10-20,10-30,0,0.0
2642-DTVCO,0-10,70-90,0,0.0
0374-IOEGQ,0-10,30-50,0,0.0
4361-JEIVL,0-10,30-50,0,0.0
3197-NNYNB,50+,90+,0,0.0
3396-DKDEL,50+,90+,0,0.0
1752-OZXFY,50+,50-70,0,0.0
9066-QRSDU,50+,10-30,0,0.0
9112-WSNPU,30-40,70-90,0,0.0
9867-NNXLC,20-30,10-30,0,0.0
5321-NTRKC,50+,70-90,0,0.0
1363-TXLSL,0-10,70-90,0,0.0
9507-EXLTT,0-10,70-90,0,0.0
3161-GETRM,30-40,90+,0,0.0
0402-OAMEN,50+,10-30,0,0.0
6933-VLYFX,30-40,50-70,0,0.0
6754-WKSHP,30-40,10-30,0,0.0
9846-GKXAS,0-10,90+,0,0.0
6017-PPLPX,20-30,70-90,0,0.0
4976-LNFVV,10-20,30-50,0,0.0
5055-MGMGF,50+,90+,0,0.0
4641-FROLU,30-40,10-30,0,0.0
2862-JVEOY,0-10,10-30,0,0.0
2969-QWUBZ,0-10,50-70,0,0.0
9822-BIIGN,50+,70-90,0,0.0
2077-MPJQO,0-10,70-90,1,75.4
1534-OULXE,50+,30-50,0,0.0
7136-RVDTZ,50+,30-50,0,0.0
2971-SGAFL,10-20,70-90,0,0.0
1480-IVEVR,30-40,70-90,0,0.0
2905-KFQUV,0-10,70-90,0,0.0
4581-SSPWD,0-10,70-90,0,0.0
3370-HXOPH,0-10,70-90,1,76.1
9391-YZEJW,50+,90+,0,0.0
9958-MEKUC,50+,90+,0,0.0
0281-CNTZX,50+,10-30,0,0.0
6927-WTFIV,20-30,70-90,0,0.0
4118-CEVPF,30-40,90+,0,0.0
3398-ZOUAA,20-30,50-70,0,0.0
9114-VEPUF,50+,90+,0,0.0
7876-BEUTG,10-20,30-50,0,0.0
2338-BQEZT,50+,50-70,0,0.0
9873-MNDKV,10-20,30-50,0,0.0
0378-NHQXU,10-20,70-90,0,0.0
8241-JUIQO,50+,10-30,0,0.0
2194-IIQOF,50+,70-90,0,0.0
4512-ZUIYL,0-10,70-90,0,0.0
9631-RXVJM,30-40,10-30,0,0.0
9584-EXCDZ,10-20,70-90,0,0.0
7969-AULMZ,20-30,90+,0,0.0
5093-FEGLU,40-50,10-30,0,0.0
2621-UDNLU,0-10,10-30,0,0.0
7526-IVLYU,0-10,10-30,0,0.0
2428-HYUNX,40-50,10-30,0,0.0
9214-EKVXR,0-10,30-50,0,0.0
3410-MHHUM,40-50,90+,0,0.0
0568-ONFPC,0-10,10-30,0,0.0
0733-VUNUW,20-30,50-70,0,0.0
4550-EVXNY,0-10,50-70,0,0.0
2122-YWVYA,10-20,70-90,0,0.0
2968-SSGAA,10-20,90+,0,0.0
2296-DKZFP,50+,70-90,0,0.0
4844-JJWUY,0-10,70-90,0,0.0
6777-TGHTM,50+,90+,0,0.0
8909-BOLNL,0-10,10-30,0,0.0
6603-YRDCJ,30-40,50-70,0,0.0
3538-WZPHD,0-10,10-30,0,0.0
3229-USWAR,30-40,70-90,0,0.0
2138-VFAPZ,10-20,10-30,0,0.0
6131-JLWZM,10-20,10-30,0,0.0
4785-QRJHC,40-50,50-70,0,0.0
0269-XFESX,20-30,10-30,0,0.0
1709-EJDOX,40-50,10-30,0,0.0
4316-XCSLJ,10-20,50-70,0,0.0
8610-WFCJF,40-50,90+,0,0.0
9693-XMUOB,50+,50-70,0,0.0
0383-CLDDA,50+,70-90,0,0.0
4905-JEFDW,10-20,30-50,0,0.0
2709-UQGNP,10-20,50-70,0,0.0
3549-ZTMNH,10-20,10-30,0,0.0
7881-INRLC,40-50,90+,0,0.0
8033-ATFAS,30-40,50-70,0,0.0
1635-NZATJ,50+,10-30,0,0.0
0562-HKHML,50+,10-30,0,0.0
8277-RVRSV,30-40,10-30,0,0.0
9943-VSZUV,50+,70-90,0,0.0
0117-LFRMW,30-40,30-50,0,0.0
6172-FECYY,40-50,70-90,0,0.0
7054-ENNGU,0-10,50-70,0,0.0
1455-HFBXA,50+,90+,0,0.0
9402-CXWPL,50+,90+,0,0.0
1628-BIZYP,0-10,70-90,1,85.0
1965-AKTSX,10-20,70-90,0,0.0
0082-LDZUE,0-10,30-50,0,0.0
4786-UKSNZ,0-10,10-30,0,0.0
5343-SGUBI,50+,70-90,0,0.0
0856-NAOES,0-10,50-70,0,0.0
1976-AZZPJ,0-10,30-50,0,0.0
7248-VZQLC,40-50,70-90,0,0.0
6156-UZDLF,20-30,70-90,0,0.0
3099-OONVS,20-30,50-70,0,0.0
9500-WBGRP,50+,10-30,0,0.0
5183-KLYEM,50+,90+,0,0.0
5144-PQCDZ,0-10,10-30,0,0.0
8514-VZHEB,50+,10-30,0,0.0
6625-IUTTT,50+,50-70,0,0.0
9355-NPPFS,20-30,70-90,0,0.0
0068-FIGTF,20-30,70-90,0,0.0
5965-GGPRW,50+,90+,0,0.0
8035-PWSEV,0-10,70-90,1,89.25
2236-HILPA,50+,10-30,0,0.0
1840-BIUOG,20-30,50-70,0,0.0
1356-MKYSK,0-10,70-90,0,0.0
6080-LNESI,50+,10-30,0,0.0
1830-IPXVJ,50+,10-30,0,0.0
5828-DWPIL,50+,70-90,0,0.0
8398-TBIYD,50+,70-90,0,0.0
0011-IGKFF,10-20,90+,0,0.0
4192-GORJT,0-10,90+,0,0.0
6496-SLWHQ,0-10,90+,0,0.0
9912-GVSEQ,20-30,90+,0,0.0
2931-FSOHN,10-20,50-70,0,0.0
9418-RUKPH,30-40,10-30,0,0.0
5383-MMTWC,0-10,70-90,0,0.0
9971-ZWPBF,30-40,90+,0,0.0
4712-AUQZO,10-20,30-50,0,0.0
9711-FJTBX,50+,70-90,0,0.0
2908-ZTPNF,30-40,30-50,0,0.0
7240-ETPTR,0-10,30-50,0,0.0
2202-CUYXZ,0-10,70-90,0,0.0
5995-OIGLP,10-20,50-70,0,0.0
8421-WZOOW,50+,90+,0,0.0
6261-RCVNS,40-50,70-90,0,0.0
7951-QKZPL,30-40,10-30,0,0.0
1414-YADCW,50+,70-90,0,0.0
8756-RDDLT,50+,30-50,0,0.0
2862-PFNIK,0-10,10-30,0,0.0
5816-QVHRX,30-40,90+,0,0.0
4430-YHXGG,0-10,10-30,0,0.0
6888-SBYAI,0-10,50-70,0,0.0
7395-XWZOY,20-30,50-70,0,0.0
7169-YWAMK,50+,50-70,0,0.0
3640-PHQXK,30-40,70-90,0,0.0
6877-LGWXO,10-20,70-90,0,0.0
6859-RKMZJ,10-20,50-70,0,0.0
2729-VNVAP,30-40,10-30,0,0.0
2957-JIRMN,50+,70-90,0,0.0
2049-BAFNW,0-10,30-50,0,0.0
3842-QTGDL,10-20,70-90,0,0.0
7163-OCEQI,20-30,70-90,0,0.0
9782-LGXMC,40-50,50-70,0,0.0
5975-BAICR,30-40,50-70,0,0.0
8019-ENHXU,40-50,90+,0,0.0
5167-GBFRE,0-10,10-30,0,0.0
9033-EOXWV,10-20,70-90,0,0.0
4673-KKSLS,30-40,70-90,0,0.0
4853-OITSN,0-10,70-90,1,89.15
9800-OUIGR,50+,10-30,0,0.0
1324-NLTJE,10-20,50-70,0,0.0
2324-EFHVG,50+,90+,0,0.0
7094-MSZAO,10-20,10-30,0,0.0
1522-VVDMG,0-10,70-90,0,0.0
6907-CQGPN,20-30,30-50,0,0.0
0780-XNZFN,50+,10-30,0,0.0
0239-OXEXL,40-50,70-90,0,0.0
2675-IJRGJ,50+,10-30,0,0.0
7049-GKVZY,10-20,70-90,0,0.0
8577-QSOCG,30-40,10-30,0,0.0
3721-CNZHX,10-20,10-30,0,0.0
0212-ISBBF,20-30,50-70,0,0.0
9185-TQCVP,10-20,70-90,0,0.0
3585-YNADK,50+,70-90,0,0.0
5271-DBYSJ,10-20,70-90,0,0.0
1099-GODLO,0-10,10-30,0,0.0
6828-HMKWP,10-20,10-30,0,0.0
5567-WSELE,0-10,90+,0,0.0
1472-TNCWL,30-40,90+,0,0.0
8063-RJYNF,10-20,90+,0,0.0
0687-ZVTHB,50+,70-90,0,0.0
2080-GKCWQ,0-10,70-90,1,74.95
9661-ACXBS,40-50,90+,0,0.0
2193-SFWQW,50+,90+,0,0.0
5656-JAMLX,50+,10-30,0,0.0
3462-BJQQA,0-10,70-90,1,89.75
0442-TDYUO,40-50,10-30,0,0.0
6733-LRIZX,30-40,90+,0,0.0
9503-XJUME,50+,10-30,0,0.0
4367-NHWMM,0-10,10-30,0,0.0
3727-RJMEO,0-10,70-90,0,0.0
3779-OSWCF,50+,90+,0,0.0
6736-DHUQI,50+,70-90,0,0.0
3915-ODIYG,50+,70-90,0,0.0
1360-RCYRT,20-30,30-50,0,0.0
2724-FJDYW,30-40,50-70,0,0.0
4451-RWASJ,10-20,10-30,0,0.0
6646-VRFOL,50+,90+,0,0.0
3460-TJBWI,20-30,10-30,0,0.0
5917-HBSDW,30-40,10-30,0,0.0
5685-IIXLY,0-10,70-90,0,0.0
5671-UUNXD,50+,90+,0,0.0
0956-ACVZC,50+,90+,0,0.0
2325-NBPZG,0-10,70-90,1,74.55
4250-ZBWLV,50+,90+,0,0.0
4482-FTFFX,0-10,50-70,0,0.0
8859-DZTGQ,30-40,10-30,0,0.0
0440-MOGPM,40-50,70-90,0,0.0
0020-JDNXP,30-40,50-70,0,0.0
3752-CQSJI,10-20,10-30,0,0.0
5025-GOOKI,20-30,10-30,0,0.0
4698-KVLLG,50+,10-30,0,0.0
5095-AESKG,0-10,90+,0,0.0
2887-JPYLU,40-50,30-50,0,0.0
4770-QAZXN,10-20,10-30,0,0.0
4896-CPRPF,30-40,10-30,0,0.0
1871-MOWRM,10-20,70-90,0,0.0
9714-EDSUC,0-10,90+,0,0.0
2027-OAQQC,40-50,30-50,0,0.0
0282-NVSJS,10-20,10-30,0,0.0
9090-SGQXL,50+,90+,0,0.0
6595-YGXIT,20-30,70-90,0,0.0
7353-YOWFP,0-10,10-30,0,0.0
9835-ZIITK,50+,90+,0,0.0
8008-ESFLK,50+,90+,0,0.0
7537-CBQUZ,50+,90+,0,0.0
1555-DJEQW,50+,90+,0,0.0
5649-TJHOV,20-30,30-50,0,0.0
0519-XUZJU,0-10,70-90,0,0.0
3363-EWLGO,0-10,10-30,0,0.0
4750-UKWJK,30-40,10-30,0,0.0
6338-AVWCY,0-10,30-50,0,0.0
1689-YQBYY,10-20,70-90,1,76.6
4487-ZYJZK,30-40,10-30,0,0.0
2959-FENLU,0-10,70-90,0,0.0
0708-LGSMF,10-20,50-70,0,0.0
9253-QXKBE,20-30,90+,0,0.0
7634-HLQJR,40-50,10-30,0,0.0
0487-RPVUM,50+,90+,0,0.0
4079-ULGFR,10-20,10-30,0,0.0
2516-XSJKX,40-50,70-90,0,0.0
0057-QBUQH,40-50,10-30,0,0.0
9445-SZLCH,30-40,90+,0,0.0
6599-SFQVE,0-10,50-70,0,0.0
8331-ZXFOE,50+,70-90,0,0.0
4003-FUSHP,10-20,50-70,0,0.0
0356-ERHVT,10-20,30-50,0,0.0
7325-ENZFI,30-40,30-50,0,0.0
4884-ZTHVF,0-10,70-90,1,87.1
3920-HIHMQ,20-30,30-50,0,0.0
3055-OYMSE,50+,70-90,0,0.0
0613-WUXUM,50+,10-30,0,0.0
7568-PODML,0-10,30-50,0,0.0
4458-KVRBJ,50+,10-30,0,0.0
5349-IECLD,0-10,90+,0,0.0
1397-XKKWR,0-10,30-50,0,0.0
3945-GFWQL,10-20,30-50,0,0.0
8097-OMULG,50+,70-90,0,0.0
6013-BHCAW,50+,70-90,0,0.0
0401-WDBXM,50+,90+,0,0.0
3387-PLKUI,10-20,10-30,0,0.0
6096-EGVTU,50+,10-30,0,0.0
3797-VTIDR,0-10,10-30,0,0.0
5081-NWSUP,10-20,50-70,0,0.0
2580-ATZSQ,50+,50-70,0,0.0
8085-MSNLK,50+,90+,0,0.0
9691-HKOVS,50+,90+,0,0.0
9881-VCZEP,20-30,50-70,0,0.0
9526-BIHHD,0-10,10-30,0,0.0
8757-TFHHJ,0-10,30-50,0,0.0
4523-WXCEF,50+,90+,0,0.0
1468-DEFNC,50+,10-30,0,0.0
5119-KEPFY,30-40,90+,0,0.0
8364-TRMMK,0-10,50-70,0,0.0
0916-KNFAJ,50+,50-70,0,0.0
8319-QBEHW,20-30,30-50,0,0.0
3063-QFSZL,0-10,50-70,0,0.0
8775-LHDJH,0-10,90+,0,0.0
9625-QNLUX,50+,90+,0,0.0
3097-NQYSN,0-10,70-90,0,0.0
4024-CSNBY,50+,90+,0,0.0
7110-BDTWG,50+,30-50,0,0.0
7493-GVFIO,50+,10-30,0,0.0
0690-SRQID,0-10,10-30,0,0.0
9605-WGJVW,0-10,70-90,1,70.2
9114-DPSIA,50+,70-90,0,0.0
4700-UBQMV,20-30,70-90,0,0.0
7711-GQBZC,50+,10-30,0,0.0
3565-UNOCC,20-30,90+,0,0.0
4627-MIHJH,50+,90+,0,0.0
9795-NREXC,50+,70-90,0,0.0
8573-CGOCC,10-20,10-30,0,0.0
7356-AYNJP,0-10,10-30,0,0.0
9249-FXSCK,50+,90+,0,0.0
5493-SDRDQ,0-10,50-70,0,0.0
6286-SUUWT,0-10,10-30,0,0.0
4819-HJPIW,10-20,10-30,0,0.0
8654-DHAOW,0-10,50-70,0,0.0
5438-QMDDL,10-20,50-70,0,0.0
9812-GHVRI,40-50,70-90,0,0.0
5553-AOINX,50+,90+,0,0.0
1228-ZLNBX,20-30,70-90,0,0.0
4226-KKDON,0-10,50-70,0,0.0
3831-YCPUO,50+,90+,0,0.0
7445-WMRBW,40-50,70-90,0,0.0
3308-DGHKL,50+,10-30,0,0.0
9924-JPRMC,50+,90+,0,0.0
0080-EMYVY,10-20,50-70,0,0.0
6218-KNUBD,0-10,50-70,0,0.0
7337-CINUD,0-10,10-30,0,0.0
7609-NRNCA,10-20,10-30,0,0.0
0623-EJQEG,50+,90+,0,0.0
7153-CHRBV,50+,50-70,0,0.0
0871-URUWO,10-20,90+,0,0.0
9190-MFJLN,10-20,90+,0,0.0
6198-PNNSZ,50+,90+,0,0.0
3317-VLGQT,10-20,70-90,0,0.0
4132-POCZS,50+,30-50,0,0.0
5614-DNZCE,50+,50-70,0,0.0
1095-JUDTC,40-50,90+,0,0.0
3896-RCYYE,50+,50-70,0,0.0
9638-JIQYA,0-10,10-30,0,0.0
3258-SANFR,0-10,30-50,0,0.0
3726-TBHQT,50+,90+,0,0.0
3190-ITQXP,40-50,10-30,0,0.0
0870-VEMYL,0-10,50-70,0,0.0
4833-QTJNO,50+,70-90,0,0.0
3039-MJSLN,0-10,10-30,0,0.0
0178-CIIKR,0-10,10-30,0,0.0
5385-SUIRI,50+,90+,0,0.0
3982-XWFZQ,40-50,50-70,0,0.0
5774-QPLTF,50+,10-30,0,0.0
2322-VCZHZ,20-30,90+,0,0.0
5010-IPEAQ,50+,50-70,0,0.0
4009-ALQFH,20-30,90+,0,0.0
6383-ZTSIW,30-40,90+,0,0.0
8990-YOZLV,50+,50-70,0,0.0
3069-SSVSN,0-10,10-30,0,0.0
5222-IMUKT,30-40,90+,0,0.0
3627-FCRDW,0-10,70-90,0,0.0
7562-GSUHK,10-20,90+,0,0.0
6685-XSHHU,50+,10-30,0,0.0
8901-UPRHR,50+,90+,0,0.0
4903-UYAVB,0-10,10-30,0,0.0
0118-JPNOY,20-30,70-90,0,0.0
6776-TLWOI,0-10,10-30,0,0.0
3845-FXCYS,0-10,10-30,0,0.0
5857-XRECV,0-10,10-30,0,0.0
0725-CXOTM,30-40,70-90,0,0.0
4343-EJVQB,0-10,70-90,0,0.0
9000-PLFUZ,50+,30-50,0,0.0
3427-GGZZI,10-20,70-90,0,0.0
7779-ORAEL,40-50,70-90,0,0.0
0644-OQMDK,0-10,70-90,1,70.65
4077-CROMM,30-40,90+,0,0.0
3154-CFSZG,40-50,90+,0,0.0
2868-MZAGQ,0-10,70-90,0,0.0
4847-QNOKA,0-10,30-50,0,0.0
2220-IAHLS,0-10,10-30,0,0.0
1658-XUHBX,50+,70-90,0,0.0
6379-RXJRQ,10-20,70-90,0,0.0
2378-HTWFW,30-40,90+,0,0.0
8650-RHRKE,0-10,10-30,0,0.0
4377-VDHYI,30-40,90+,0,0.0
0475-RIJEP,40-50,70-90,0,0.0
1260-TTRXI,0-10,50-70,0,0.0
3719-TDVQB,50+,10-30,0,0.0
6328-ZPBGN,10-20,90+,0,0.0
0201-MIBOL,50+,90+,0,0.0
4937-QPZPO,50+,90+,0,0.0
2925-VDZHY,50+,70-90,0,0.0
6981-TDRFT,40-50,50-70,0,0.0
3413-CSSTH,40-50,50-70,0,0.0
8033-VCZGH,50+,90+,0,0.0
4789-KWMXN,40-50,90+,0,0.0
0224-NIJLP,0-10,10-30,0,0.0
7542-CYDDM,10-20,10-30,0,0.0
4718-WXBGI,50+,90+,0,0.0
2867-UIMSS,0-10,70-90,0,0.0
8495-PRWFH,40-50,50-70,0,0.0
0439-IFYUN,10-20,70-90,0,0.0
5716-LIBJC,10-20,90+,0,0.0
2868-LLSKM,50+,70-90,0,0.0
8111-RKSPX,0-10,70-90,0,0.0
2988-QRAJY,50+,90+,0,0.0
1585-MQSSU,10-20,50-70,0,0.0
0071-NDAFP,20-30,10-30,0,0.0
2856-NNASM,40-50,70-90,0,0.0
7328-ZJAJO,50+,10-30,0,0.0
6458-CYIDZ,0-10,70-90,1,80.7
8559-CIZFV,20-30,70-90,0,0.0
1090-PYKCI,50+,90+,0,0.0
3058-WQDRE,10-20,10-30,0,0.0
7547-EKNFS,40-50,90+,0,0.0
2279-AXJJK,50+,90+,0,0.0
6769-DYBQN,40-50,70-90,0,0.0
0909-SELIE,50+,70-90,0,0.0
3417-TSCIC,20-30,10-30,0,0.0
1042-HFUCW,20-30,50-70,0,0.0
4439-JMPMT,0-10,70-90,0,0.0
6537-OTKMY,10-20,50-70,0,0.0
8999-EXMNO,10-20,10-30,0,0.0
6725-TPKJO,40-50,10-30,0,0.0
2446-BEGGB,0-10,90+,0,0.0
7162-WPHPM,50+,70-90,0,0.0
1599-MMYRQ,50+,70-90,0,0.0
8821-KVZKQ,50+,50-70,0,0.0
1496-GGSUK,0-10,10-30,0,0.0
6434-TTGJP,10-20,50-70,0,0.0
0042-JVWOJ,20-30,10-30,0,0.0
0130-SXOUN,50+,70-90,0,0.0
2575-GFSOE,0-10,50-70,0,0.0
2330-PQGDQ,50+,70-90,0,0.0
1452-UZOSF,50+,90+,0,0.0
2097-YVPKN,50+,10-30,0,0.0
2842-JTCCU,0-10,30-50,0,0.0
8597-CTXVJ,50+,50-70,0,0.0
6631-HMANX,50+,70-90,0,0.0
9962-BFPDU,0-10,10-30,0,0.0
3296-SILRA,0-10,70-90,0,0.0
9681-OXGVC,0-10,90+,0,0.0
6394-HHHZM,0-10,10-30,0,0.0
5995-LFTLE,50+,10-30,0,0.0
5180-UCIIQ,20-30,30-50,0,0.0
1932-UEDCX,30-40,90+,0,0.0
7153-OANIO,0-10,50-70,0,0.0
5188-HGMLP,50+,70-90,0,0.0
0665-XHDJU,50+,90+,0,0.0
6521-YYTYI,0-10,90+,0,0.0
8878-HMWBV,0-10,30-50,0,0.0
8265-HKSOW,50+,90+,0,0.0
3544-FBCAS,50+,70-90,0,0.0
5331-RGMTT,50+,90+,0,0.0
4759-PXTAN,50+,70-90,0,0.0
7054-DMVAS,50+,50-70,0,0.0
3428-MMGUB,50+,70-90,0,0.0
6549-BTYPG,50+,50-70,0,0.0
7823-JSOAG,0-10,70-90,1,74.5
3705-RHRFR,50+,90+,0,0.0
9374-YOLBJ,0-10,10-30,0,0.0
9074-KGVOX,50+,30-50,0,0.0
6128-DAFVY,50+,30-50,0,0.0
9933-QRGTX,50+,90+,0,0.0
4476-OSWTN,50+,90+,0,0.0
3751-KTZEL,0-10,30-50,0,0.0
1977-STDKI,0-10,70-90,0,0.0
5066-GFJMM,0-10,10-30,0,0.0
2661-GKBTK,50+,70-90,0,0.0
0458-HEUZG,10-20,30-50,0,0.0
7268-WNTCP,50+,10-30,0,0.0
0824-VWDPO,40-50,90+,0,0.0
8409-WQJUX,20-30,50-70,0,0.0
2578-JQPHZ,40-50,90+,0,0.0
3278-FSIXX,0-10,30-50,0,0.0
5813-UECBU,30-40,70-90,0,0.0
0328-GRPMV,0-10,70-90,0,0.0
9746-UGFAC,20-30,10-30,0,0.0
2946-KIQSP,30-40,30-50,0,0.0
0625-AFOHS,20-30,10-30,0,0.0
6726-WEXXK,20-30,70-90,0,0.0
4636-OLWOE,50+,50-70,0,0.0
4342-HENTK,0-10,70-90,0,0.0
4685-ERGHK,50+,70-90,0,0.0
0885-HMGPY,50+,50-70,0,0.0
5003-OKNNK,10-20,10-30,0,0.0
4195-SMMNX,0-10,10-30,0,0.0
7208-PSIHR,50+,90+,0,0.0
4012-ZTHBR,20-30,30-50,0,0.0
0489-WMEMG,20-30,30-50,0,0.0
7435-ZNUYY,0-10,10-30,0,0.0
1354-YZFNB,0-10,10-30,0,0.0
6956-SMUCM,0-10,90+,0,0.0
2985-FMWYF,20-30,90+,0,0.0
2812-ENYMO,20-30,50-70,0,0.0
2717-HVIZY,0-10,10-30,0,0.0
3223-WZWJM,20-30,70-90,0,0.0
3422-GALYP,0-10,70-90,1,79.45
9053-JZFKV,50+,90+,0,0.0
2530-ENDWQ,50+,90+,0,0.0
2890-WFBHU,50+,70-90,0,0.0
0327-WFZSY,30-40,90+,0,0.0
7977-HXJKU,20-30,10-30,0,0.0
6615-ZGEDR,0-10,10-30,0,0.0
7033-CLAMM,40-50,10-30,0,0.0
4023-RTIQM,30-40,50-70,0,0.0
0864-FVJNJ,50+,90+,0,0.0
7356-IWLFW,40-50,70-90,0,0.0
9541-PWTWO,50+,70-90,0,0.0
3967-VQOGC,50+,10-30,0,0.0
7872-RDDLZ,50+,50-70,0,0.0
9250-WYPLL,0-10,70-90,0,0.0
6308-CQRBU,50+,90+,0,0.0
2754-XBHTB,0-10,70-90,0,0.0
1597-LHYNC,20-30,90+,0,0.0
0186-CAERR,50+,90+,0,0.0
3043-SUDUA,30-40,10-30,0,0.0
5442-BHQNG,0-10,70-90,1,70.35
2169-RRLFW,50+,10-30,0,0.0
5872-OEQNH,50+,30-50,0,0.0
3162-KKZXO,50+,90+,0,0.0
7055-VKGDA,50+,90+,0,0.0
0754-UKWQP,0-10,90+,0,0.0
8873-GLDMH,0-10,70-90,0,0.0
5696-JVVQY,40-50,70-90,0,0.0
8946-BFWSG,50+,10-30,0,0.0
7493-TPUWZ,0-10,70-90,0,0.0
0547-HURJB,10-20,10-30,0,0.0
8904-OPDCK,50+,10-30,0,0.0
8845-LWKGE,30-40,50-70,0,0.0
1577-HKTFG,30-40,10-30,0,0.0
8752-STIVR,0-10,70-90,0,0.0
0691-NIKRI,40-50,90+,0,0.0
5022-JNQEQ,0-10,70-90,1,75.85
4558-FANTW,10-20,90+,0,0.0
3249-VHRIP,50+,30-50,0,0.0
3736-BLEPA,20-30,90+,0,0.0
4701-LKOZD,50+,70-90,0,0.0
6603-QWSPR,40-50,90+,0,0.0
9921-QFQUL,20-30,90+,0,0.0
1929-ZCBHE,40-50,30-50,0,0.0
4378-MYPGO,50+,90+,0,0.0
8651-ENBZX,50+,90+,0,0.0
4129-LYCOI,50+,90+,0,0.0
7798-JVXYM,10-20,50-70,0,0.0
8647-SDTWQ,50+,70-90,0,0.0
2696-ECXKC,50+,90+,0,0.0
2081-KJSQF,0-10,10-30,0,0.0
7623-TRNQN,0-10,30-50,0,0.0
3323-CPBWR,20-30,90+,0,0.0
9330-IJWIO,10-20,90+,0,0.0
3384-CTMSF,40-50,90+,0,0.0
0902-RFHOF,30-40,10-30,0,0.0
9286-DOJGF,30-40,70-90,0,0.0
6048-QBXKL,0-10,50-70,0,0.0
9661-MHUMO,0-10,30-50,0,0.0
7718-RXDGG,10-20,50-70,0,0.0
1025-FALIX,20-30,50-70,0,0.0
3451-VAWLI,30-40,10-30,0,0.0
3407-QGWLG,0-10,10-30,0,0.0
1842-EZJMK,50+,90+,0,0.0
2347-WKKAE,40-50,90+,0,0.0
8735-DCXNF,10-20,50-70,0,0.0
3214-IYUUQ,50+,90+,0,0.0
1936-UAFEH,50+,90+,0,0.0
3587-PMCOY,10-20,90+,0,0.0
8079-XRJRS,50+,70-90,0,0.0
1027-LKKQQ,50+,70-90,0,0.0
7148-XZPHA,50+,70-90,0,0.0
8073-IJDCM,0-10,10-30,0,0.0
5309-TAIKL,0-10,50-70,0,0.0
6856-RAURS,0-10,70-90,0,0.0
8778-LMWTJ,0-10,70-90,1,74.85
9717-IOAAF,20-30,10-30,0,0.0
8884-ADFVN,0-10,90+,0,0.0
2845-KDHVX,50+,50-70,0,0.0
0848-SOMKO,50+,30-50,0,0.0
2720-WGKHP,0-10,90+,0,0.0
6734-FQAJX,50+,90+,0,0.0
2869-ADAWR,40-50,70-90,0,0.0
1535-VTJOQ,20-30,10-30,0,0.0
6368-TZZDT,0-10,10-30,0,0.0
0943-ZQPXH,40-50,90+,0,0.0
1293-BSEUN,50+,10-30,0,0.0
9894-EZEWG,0-10,70-90,0,0.0
1302-TPUBN,50+,10-30,0,0.0
7851-FLGGQ,0-10,30-50,0,0.0
0637-UBJRP,10-20,70-90,0,0.0
0940-OUQEC,10-20,70-90,0,0.0
2378-VTKDH,50+,90+,0,0.0
0927-CNGRH,0-10,10-30,0,0.0
8608-OZTLB,30-40,70-90,0,0.0
2335-GSODA,20-30,30-50,0,0.0
1952-DVVSW,10-20,10-30,0,0.0
0702-PGIBZ,0-10,90+,0,0.0
6656-GULJQ,50+,70-90,0,0.0
9853-JFZDU,30-40,50-70,0,0.0
1963-VAUKV,0-10,10-30,0,0.0
3777-XROBG,50+,10-30,0,0.0
6994-FGRHH,50+,90+,0,0.0
4000-VGMQP,30-40,70-90,0,0.0
3999-WRNGR,50+,30-50,0,0.0
3466-RITXD,20-30,90+,0,0.0
2680-XKKNJ,0-10,50-70,0,0.0
3058-HJCUY,40-50,90+,0,0.0
2974-GGUXS,30-40,90+,0,0.0
7994-XIRTR,50+,50-70,0,0.0
3259-FDWOY,50+,90+,0,0.0
2101-RANCD,50+,70-90,0,0.0
7921-BEPCI,50+,50-70,0,0.0
0807-ZABDG,0-10,50-70,0,0.0
8510-TMWYB,50+,50-70,0,0.0
3258-ZKPAI,50+,90+,0,0.0
1428-IEDPR,50+,90+,0,0.0
5298-GSTLM,50+,90+,0,0.0
4450-YOOHP,30-40,50-70,0,0.0
6728-CZFEI,10-20,50-70,0,0.0
5748-RNCJT,50+,90+,0,0.0
3653-NCRDJ,40-50,10-30,0,0.0
6121-TNHBO,50+,70-90,0,0.0
5119-NZPTV,0-10,70-90,1,70.1
6519-ZHPXP,50+,90+,0,0.0
7739-LAXOG,30-40,90+,0,0.0
3472-QPRCH,40-50,10-30,0,0.0
8224-UAXBZ,50+,30-50,0,0.0
9610-WCESF,50+,30-50,0,0.0
9776-CLUJA,50+,70-90,0,0.0
2486-WYVVE,30-40,70-90,0,0.0
3865-ZYKAD,50+,70-90,0,0.0
1422-DGUBX,30-40,70-90,0,0.0
2999-AANRQ,20-30,70-90,0,0.0
8668-KNZTI,50+,50-70,0,0.0
0480-KYJVA,50+,10-30,0,0.0
6034-ZRYCV,50+,50-70,0,0.0
9746-YKGXB,50+,30-50,0,0.0
3926-YZVVX,40-50,50-70,0,0.0
6000-UKLWI,40-50,10-30,0,0.0
2079-FBMZK,0-10,50-70,0,0.0
6332-FBZRI,50+,50-70,0,0.0
2096-XOTMO,10-20,10-30,0,0.0
3266-FTKHB,10-20,10-30,0,0.0
8221-EQDGL,30-40,50-70,0,0.0
2346-LOCWC,50+,10-30,0,0.0
6608-QQLVK,0-10,50-70,0,0.0
0298-XACET,50+,50-70,0,0.0
7560-QJAVJ,50+,70-90,0,0.0
2995-YWTCD,10-20,10-30,0,0.0
3551-HUAZH,0-10,70-90,0,0.0
9137-UIYPG,30-40,90+,0,0.0
2809-ZMYOQ,30-40,90+,0,0.0
5084-OOVCJ,10-20,50-70,0,0.0
0254-WWRKD,50+,50-70,0,0.0
7727-SHVZV,0-10,10-30,0,0.0
6302-JGYRJ,30-40,70-90,0,0.0
5339-PXDVH,0-10,90+,1,90.65
2205-LPVGL,50+,70-90,0,0.0
8782-NUUOL,50+,70-90,0,0.0
3685-YLCMQ,50+,90+,0,0.0
7601-WFVZV,0-10,10-30,0,0.0
4609-KNNWG,20-30,10-30,0,0.0
4868-AADLV,50+,90+,0,0.0
9529-OFXHY,10-20,70-90,0,0.0
8634-MPHTR,40-50,90+,0,0.0
2669-QVCRG,40-50,70-90,0,0.0
2478-EEWWM,50+,30-50,0,0.0
9174-IHETN,50+,70-90,0,0.0
2233-TXSIU,10-20,30-50,0,0.0
9644-UMGQA,0-10,30-50,0,0.0
3256-EZDBI,50+,10-30,0,0.0
8761-NSOBC,40-50,90+,0,0.0
0419-YAAPX,40-50,70-90,0,0.0
8413-VONUO,0-10,90+,0,0.0
0872-CASZJ,50+,50-70,0,0.0
4726-DLWQN,50+,70-90,0,0.0
8164-OCKUJ,50+,10-30,0,0.0
3094-JOJAI,10-20,70-90,0,0.0
9494-MRNYX,10-20,70-90,1,75.05
2599-CZABP,10-20,30-50,0,0.0
7945-PRBVF,30-40,10-30,0,0.0
4544-RXFMG,0-10,30-50,0,0.0
0859-YGKFW,10-20,10-30,0,0.0
1150-FTQGN,50+,90+,0,0.0
9223-UCPVT,0-10,90+,0,0.0
7196-LIWRH,0-10,10-30,0,0.0
5448-VWNAM,10-20,70-90,0,0.0
1177-XZBJL,50+,50-70,0,0.0
3518-FSTWG,50+,90+,0,0.0
9330-VOFSZ,50+,90+,0,0.0
4351-QLCSU,0-10,50-70,0,0.0
0939-EREMR,10-20,50-70,0,0.0
9389-ACWBI,0-10,50-70,0,0.0
5419-JPRRN,0-10,90+,0,0.0
3644-QXEHN,10-20,90+,0,0.0
2911-IJORQ,30-40,90+,0,0.0
5921-NGYRH,50+,70-90,0,0.0
2100-BDNSN,0-10,50-70,0,0.0
5998-DZLYR,50+,90+,0,0.0
0488-GSLFR,0-10,50-70,0,0.0
9318-NKNFC,0-10,10-30,0,0.0
3985-HOYPM,20-30,10-30,0,0.0
9728-FTTVZ,0-10,50-70,0,0.0
9548-LERKT,20-30,10-30,0,0.0
6576-FBXOJ,10-20,50-70,0,0.0
4310-KEDTB,20-30,10-30,0,0.0
7254-IQWOZ,0-10,50-70,0,0.0
2474-BRUCM,40-50,90+,0,0.0
4062-HBMOS,50+,90+,0,0.0
0742-NXBGR,0-10,70-90,0,0.0
2676-ISHSF,0-10,10-30,0,0.0
9236-NDUCW,20-30,30-50,0,0.0
4753-PADAS,50+,90+,0,0.0
6103-QCKFX,40-50,50-70,0,0.0
7781-EWARA,50+,50-70,0,0.0
6110-OHIHY,0-10,70-90,0,0.0
7018-FPXHH,50+,50-70,0,0.0
5889-LFOLL,10-20,70-90,0,0.0
5708-EVONK,50+,90+,0,0.0
8708-XPXHZ,40-50,90+,0,0.0
0616-ATFGB,0-10,10-30,0,0.0
0572-ZJKLT,40-50,90+,0,0.0
5135-RDDQL,50+,50-70,0,0.0
1353-LJWEM,10-20,50-70,0,0.0
1794-SWWKL,10-20,50-70,0,0.0
6166-YIPFO,50+,50-70,0,0.0
7016-BPGEU,20-30,10-30,0,0.0
6876-ADESB,0-10,30-50,0,0.0
9332-GYWLO,0-10,50-70,0,0.0
1963-SVUCV,0-10,30-50,0,0.0
4184-VODJZ,50+,90+,0,0.0
0220-EBGCE,0-10,70-90,0,0.0
1092-WPIVQ,10-20,10-30,0,0.0
7233-IOQNP,40-50,30-50,0,0.0
2834-JKOOW,10-20,30-50,0,0.0
2754-VDLTR,10-20,90+,0,0.0
2400-FEQME,50+,10-30,0,0.0
3190-XFANI,40-50,90+,0,0.0
7551-DACSP,0-10,50-70,0,0.0
4957-SREEC,50+,10-30,0,0.0
7235-NXZCP,0-10,70-90,0,0.0
0230-UBYPQ,50+,30-50,0,0.0
4923-ADWXJ,20-30,50-70,0,0.0
1763-KUAAW,10-20,10-30,0,0.0
1104-TNLZA,20-30,90+,0,0.0
5195-KPUNQ,50+,90+,0,0.0
0520-FDVVT,30-40,90+,0,0.0
3439-GVUSX,0-10,10-30,0,0.0
1444-VVSGW,50+,90+,0,0.0
5712-PTIWW,0-10,70-90,0,0.0
5949-HGVJL,20-30,70-90,0,0.0
5203-XEHAX,30-40,50-70,0,0.0
1635-HDGFT,10-20,10-30,0,0.0
3315-TOTBP,10-20,70-90,0,0.0
8050-XGRVL,50+,50-70,0,0.0
6661-HBGWL,40-50,90+,0,0.0
1518-VOWAV,0-10,70-90,0,0.0
9828-QHFBK,20-30,50-70,0,0.0
3908-MKIMJ,50+,30-50,0,0.0
5012-YSPJJ,30-40,50-70,0,0.0
5909-ECHUI,0-10,50-70,0,0.0
1309-BXVOQ,20-30,90+,0,0.0
6728-VOIFY,50+,90+,0,0.0
9317-WZPGV,0-10,70-90,0,0.0
4891-NLUBA,50+,50-70,0,0.0
2856-HYAPG,0-10,50-70,0,0.0
8969-PRHFK,10-20,10-30,0,0.0
0661-KQHNK,0-10,10-30,0,0.0
8709-KRDVL,30-40,90+,0,0.0
4488-PSYCG,10-20,10-30,0,0.0
1427-VERSM,50+,90+,0,0.0
9801-NOSHQ,20-30,10-30,0,0.0
6339-YPSAH,0-10,70-90,1,73.8
3621-CEOVK,10-20,90+,0,0.0
6906-ANDWJ,10-20,70-90,0,0.0
2159-TURXX,0-10,10-30,0,0.0
1548-FEHVL,50+,90+,0,0.0
3795-CAWEX,50+,90+,0,0.0
6215-NQCPY,10-20,90+,0,0.0
5647-URDKA,0-10,10-30,0,0.0
2229-DPMBI,0-10,10-30,0,0.0
9626-WEQRM,0-10,10-30,0,0.0
2188-SXWVT,30-40,50-70,0,0.0
6258-PVZWJ,50+,90+,0,0.0
1094-BKOSX,40-50,50-70,0,0.0
6969-MVBAI,0-10,90+,1,90.1
2978-XXSOG,20-30,50-70,0,0.0
2342-CKIAO,0-10,10-30,0,0.0
6953-PBDIN,50+,70-90,0,0.0
3898-BSJYF,10-20,70-90,0,0.0
3938-YFPXD,50+,70-90,0,0.0
7696-AMHOD,40-50,70-90,0,0.0
2453-SAFNS,50+,70-90,0,0.0
9558-IHEZX,50+,90+,0,0.0
9617-UDPEU,20-30,10-30,0,0.0
6340-DACFT,50+,10-30,0,0.0
4955-VCWBI,40-50,10-30,0,0.0
6813-GZQCG,40-50,10-30,0,0.0
7426-GSWPO,50+,90+,0,0.0
3389-KTRXV,20-30,10-30,0,0.0
3118-UHVVQ,50+,10-30,0,0.0
1031-IIDEO,0-10,70-90,0,0.0
5832-XKAES,0-10,50-70,0,0.0
3205-MXZRA,20-30,50-70,0,0.0
4701-AHWMW,50+,50-70,0,0.0
8317-BVKSO,10-20,10-30,0,0.0
5702-KVQRD,50+,70-90,0,0.0
0083-PIVIK,50+,70-90,0,0.0
9210-IAHGH,0-10,70-90,0,0.0
6169-PGNCD,50+,70-90,0,0.0
0023-XUOPT,10-20,90+,0,0.0
4592-IWTJI,0-10,10-30,0,0.0
4909-JOUPP,50+,90+,0,0.0
4657-FWVFY,40-50,90+,0,0.0
2257-BOVXD,10-20,50-70,0,0.0
7729-JTEEC,0-10,30-50,0,0.0
7632-MNYOY,50+,90+,0,0.0
6518-LGAOV,30-40,90+,0,0.0
7242-QZLXF,0-10,10-30,0,0.0
4576-CSAJH,20-30,50-70,0,0.0
1000-AJSLD,0-10,10-30,0,0.0
9696-RMYBA,0-10,70-90,0,0.0
8690-UPCZI,20-30,50-70,0,0.0
1062-LHZOD,0-10,50-70,0,0.0
9770-LXDBK,0-10,10-30,0,0.0
4086-WITJG,50+,10-30,0,0.0
8344-WFMFH,0-10,50-70,0,0.0
9600-NAXZN,40-50,90+,0,0.0
8822-KNBHV,40-50,70-90,0,0.0
8404-FYDIB,20-30,70-90,0,0.0
2791-SFVEW,0-10,10-30,0,0.0
6457-USBER,0-10,70-90,0,0.0
6762-NSODU,40-50,10-30,0,0.0
4662-EKDPQ,0-10,50-70,0,0.0
9248-OJYKK,0-10,70-90,0,0.0
9888-ZCUMM,50+,50-70,0,0.0
3398-FSHON,10-20,90+,0,0.0
3319-DWOEP,0-10,90+,0,0.0
1074-WVEVG,50+,10-30,0,0.0
9979-RGMZT,0-10,90+,0,0.0
6437-UDQJM,50+,70-90,0,0.0
1226-IENZN,10-20,70-90,0,0.0
2108-GLPQB,20-30,50-70,0,0.0
9259-PACGQ,30-40,50-70,0,0.0
4415-IJZTP,0-10,70-90,0,0.0
1465-VINDH,10-20,90+,0,0.0
5474-LAMUQ,20-30,10-30,0,0.0
3468-DRVQJ,10-20,70-90,0,0.0
1122-YJBCS,50+,50-70,0,0.0
4990-ALDGW,50+,10-30,0,0.0
4816-OKWNX,50+,90+,0,0.0
3315-IKYZQ,20-30,50-70,0,0.0
2810-FTLEM,10-20,50-70,0,0.0
4747-LCAQL,20-30,70-90,0,0.0
3411-WLRSQ,0-10,70-90,0,0.0
0898-XCGTF,50+,90+,0,0.0
8006-PYCSW,0-10,10-30,0,0.0
8249-THVEC,50+,10-30,0,0.0
8722-PRFDV,50+,70-90,0,0.0
2164-SOQXL,20-30,10-30,0,0.0
4020-KIUDI,0-10,10-30,0,0.0
5850-BDWCY,0-10,10-30,0,0.0
2038-YSEZE,20-30,50-70,0,0.0
0827-ITJPH,30-40,10-30,0,0.0
8799-OXZMD,20-30,10-30,0,0.0
1925-TIBLE,0-10,70-90,0,0.0
1705-GUHPV,50+,10-30,0,0.0
4779-ZGICK,40-50,10-30,0,0.0
0048-PIHNL,40-50,10-30,0,0.0
0818-OCPZO,20-30,70-90,0,0.0
3967-KXAPS,50+,90+,0,0.0
1447-GIQMR,0-10,50-70,0,0.0
3704-IEAXF,50+,50-70,0,0.0
6810-VCAEX,40-50,30-50,0,0.0
0674-EYYZV,0-10,50-70,0,0.0
4480-MBMLB,30-40,90+,0,0.0
1395-OFUWC,40-50,10-30,0,0.0
0822-QGCXA,20-30,70-90,0,0.0
0872-NXJYS,0-10,70-90,0,0.0
2832-KJCRD,30-40,90+,0,0.0
3588-WSTTJ,30-40,90+,0,0.0
4075-WKNIU,0-10,70-90,0,0.0
5090-EMGTC,50+,90+,0,0.0
2346-CZYIL,20-30,10-30,0,0.0
3798-EPWRR,0-10,30-50,0,0.0
6258-NGCNG,0-10,10-30,0,0.0
4186-ZBUEW,30-40,70-90,0,0.0
5274-XHAKY,40-50,90+,0,0.0
1442-BQPVU,10-20,10-30,0,0.0
3978-YNKDD,10-20,10-30,0,0.0
4940-KHCWD,50+,30-50,0,0.0
9412-ARGBX,40-50,90+,0,0.0
1389-CXMLU,0-10,90+,0,0.0
9589-ABEPT,50+,90+,0,0.0
9388-ZEYVT,40-50,30-50,0,0.0
0305-SQECB,10-20,30-50,0,0.0
7605-SNLQG,40-50,50-70,0,0.0
4670-TABXH,50+,90+,0,0.0
5561-NWEVX,0-10,70-90,0,0.0
0064-SUDOG,10-20,10-30,0,0.0
8561-NMTBD,50+,90+,0,0.0
5161-XEUVX,30-40,90+,0,0.0
8292-FRFZQ,30-40,30-50,0,0.0
8591-NXRCV,40-50,70-90,0,0.0
7895-VONWT,20-30,30-50,0,0.0
4526-RMTLL,0-10,70-90,0,0.0
6253-GNHWH,50+,70-90,0,0.0
4566-NECEV,0-10,90+,1,96.55
8080-POTJR,30-40,70-90,0,0.0
6906-MPARY,40-50,70-90,0,0.0
3662-FXJFO,50+,10-30,0,0.0
8107-RZLNV,50+,90+,0,0.0
0516-OOHAR,20-30,90+,0,0.0
2027-CWDNU,10-20,70-90,0,0.0
2737-WFVYW,0-10,30-50,0,0.0
9912-OMZDS,50+,90+,0,0.0
3733-ZEECP,20-30,50-70,0,0.0
7878-RTCZG,0-10,10-30,0,0.0
2452-MRMZF,50+,10-30,0,0.0
2272-QAGFO,10-20,70-90,0,0.0
7103-IPXPJ,50+,90+,0,0.0
4342-HFXWS,40-50,50-70,0,0.0
3545-CNWRG,40-50,90+,0,0.0
1785-BPHTP,20-30,70-90,0,0.0
4989-LIXVT,50+,90+,0,0.0
7315-WYOAW,10-20,90+,0,0.0
1173-XZPYF,10-20,70-90,1,89.2
9850-OWRHQ,0-10,70-90,0,0.0
3768-NLUBH,50+,90+,0,0.0
8676-TRMJS,0-10,70-90,0,0.0
2509-TFPJU,50+,10-30,0,0.0
9530-GRMJG,50+,70-90,0,0.0
6898-RBTLU,40-50,70-90,0,0.0
5481-NTDOH,50+,90+,0,0.0
2068-WWXQZ,40-50,10-30,0,0.0
7359-SSBJK,50+,70-90,0,0.0
2061-VVFST,30-40,10-30,0,0.0
0685-MLYYM,0-10,70-90,0,0.0
0749-IRGQE,10-20,30-50,0,0.0
2380-DAMQP,50+,90+,0,0.0
2256-YLYLP,50+,70-90,0,0.0
1272-ILHFG,10-20,10-30,0,0.0
0164-XAIRP,20-30,10-30,0,0.0
5666-CYCYZ,20-30,70-90,0,0.0
4011-ARPHK,20-30,50-70,0,0.0
8182-PNAGI,10-20,50-70,0,0.0
6365-HITVU,50+,70-90,0,0.0
7558-IMLMT,50+,10-30,0,0.0
9488-FYQAU,50+,90+,0,0.0
3590-TCXTB,0-10,10-30,0,0.0
6994-KERXL,0-10,50-70,0,0.0
7957-RYHQD,40-50,70-90,0,0.0
2180-DXNEG,10-20,90+,0,0.0
1960-UOTYM,50+,70-90,0,0.0
2740-JFBOK,10-20,10-30,0,0.0
6500-JVEGC,50+,90+,0,0.0
5515-AKOAJ,50+,90+,0,0.0
8976-OQHGT,0-10,50-70,0,0.0
5245-VDBUR,50+,30-50,0,0.0
6230-BSUXY,0-10,70-90,0,0.0
8469-SNFFH,50+,70-90,0,0.0
2144-ESWKO,40-50,30-50,0,0.0
1241-FPMOF,50+,10-30,0,0.0
9928-BZVLZ,10-20,30-50,0,0.0
4114-QMKVN,50+,50-70,0,0.0
2775-SEFEE,0-10,50-70,0,0.0
9003-CPATH,40-50,70-90,0,0.0
1754-GKYPY,20-30,70-90,0,0.0
5294-CDGWY,50+,50-70,0,0.0
7956-XQWGU,20-30,10-30,0,0.0
1591-MQJTP,50+,90+,0,0.0
5295-PCJOO,0-10,30-50,0,0.0
2369-FEVNO,0-10,10-30,0,0.0
9863-JZAIC,30-40,50-70,0,0.0
7471-MQPOS,50+,70-90,0,0.0
7660-HDPJV,0-10,50-70,0,0.0
5115-SQAAU,50+,10-30,0,0.0
9845-QOMAD,10-20,10-30,0,0.0
7672-VFMXZ,50+,50-70,0,0.0
9739-JLPQJ,50+,90+,0,0.0
9916-AYHTC,40-50,10-30,0,0.0
3855-ONCAR,0-10,70-90,0,0.0
1488-SYSFC,30-40,10-30,0,0.0
7931-PXHFC,30-40,50-70,0,0.0
3990-QYKBE,30-40,90+,0,0.0
0970-QXPXW,0-10,10-30,0,0.0
3259-KNMRR,50+,70-90,0,0.0
6120-RJKLU,50+,70-90,0,0.0
9572-WUKSB,0-10,10-30,0,0.0
5893-KCLGT,50+,10-30,0,0.0
0076-LVEPS,20-30,30-50,0,0.0
3640-JQGJG,10-20,30-50,0,0.0
4919-MOAVT,0-10,50-70,0,0.0
1596-OQSPS,10-20,50-70,0,0.0
9867-XOBQA,20-30,50-70,0,0.0
9546-KDTRB,10-20,10-30,0,0.0
3090-HAWSU,50+,90+,0,0.0
9820-RMCQV,10-20,30-50,0,0.0
3174-RKMOW,30-40,90+,0,0.0
1760-CAZHT,20-30,10-30,0,0.0
7839-QRKXN,0-10,10-30,0,0.0
8441-SHIPE,50+,10-30,0,0.0
5204-QZXPU,10-20,30-50,0,0.0
4597-ELFTS,50+,10-30,0,0.0
1320-GVNHT,50+,90+,0,0.0
1047-RNXZV,40-50,10-30,0,0.0
3541-ZNUHK,50+,70-90,0,0.0
8450-JOVAH,0-10,50-70,0,0.0
8725-JEDFD,20-30,50-70,0,0.0
7562-UXTPG,10-20,70-90,0,0.0
8071-SBTRN,50+,90+,0,0.0
1113-IUJYX,10-20,90+,0,0.0
6668-CNMFP,10-20,70-90,0,0.0
5626-MGTUK,20-30,70-90,0,0.0
5681-LLOEI,40-50,90+,0,0.0
8212-DJRCH,0-10,90+,0,0.0
4323-OHFOW,50+,90+,0,0.0
4933-BSAIP,40-50,10-30,0,0.0
2030-BTZRO,0-10,10-30,0,0.0
1116-DXXDF,30-40,90+,0,0.0
9274-CNFMO,0-10,70-90,0,0.0
7758-XKCBS,10-20,10-30,0,0.0
8992-JQYUN,0-10,50-70,0,0.0
6563-VNPMN,40-50,70-90,0,0.0
0617-AQNWT,50+,30-50,0,0.0
2267-WTPYD,50+,90+,0,0.0
0270-THENM,50+,50-70,0,0.0
2446-PLQVO,0-10,70-90,0,0.0
4707-MAXGU,50+,10-30,0,0.0
2710-WYVXG,0-10,70-90,0,0.0
3005-NFMTA,50+,90+,0,0.0
6300-BWMJX,50+,90+,0,0.0
8784-CGILN,10-20,90+,0,0.0
5389-FFVKB,30-40,70-90,0,0.0
7009-LGECI,0-10,50-70,0,0.0
8444-WRIDW,50+,70-90,0,0.0
5022-KVDQT,20-30,70-90,0,0.0
7976-CICYS,0-10,10-30,0,0.0
1036-GUDCL,50+,70-90,0,0.0
2005-DWQZJ,0-10,10-30,0,0.0
8148-WOCMK,0-10,10-30,0,0.0
7815-PDTHL,30-40,10-30,0,0.0
9451-LPGOO,0-10,70-90,0,0.0
9173-IVZVP,50+,10-30,0,0.0
9129-UXERG,10-20,90+,0,0.0
3635-JBPSG,10-20,30-50,0,0.0
7964-ZRKKG,50+,70-90,0,0.0
5868-YWPDW,0-10,70-90,0,0.0
6229-LSCKB,0-10,70-90,1,79.7
2025-JKFWI,10-20,90+,0,0.0
4078-SAYYN,10-20,90+,0,0.0
1724-IQWNM,0-10,10-30,0,0.0
8217-QYOHV,0-10,50-70,0,0.0
5546-QUERU,10-20,10-30,0,0.0
9940-HPQPG,0-10,90+,0,0.0
6897-UUBNU,20-30,70-90,0,0.0
6127-IYJOZ,0-10,30-50,0,0.0
6618-RYATB,0-10,70-90,0,0.0
8930-XOTDP,10-20,50-70,0,0.0
5916-QEWPT,0-10,50-70,0,0.0
5060-TQUQN,30-40,70-90,0,0.0
0531-XBKMM,50+,50-70,0,0.0
8465-SBRXP,30-40,90+,0,0.0
2408-PSJVE,40-50,50-70,0,0.0
9079-YEXQJ,50+,90+,0,0.0
9700-ZCLOT,0-10,10-30,0,0.0
8738-JOKAR,40-50,50-70,0,0.0
4534-WGCIR,50+,10-30,0,0.0
1930-WNXSB,50+,90+,0,0.0
2685-SREOM,20-30,70-90,0,0.0
3508-CFVZL,50+,90+,0,0.0
0402-CQAJN,30-40,90+,0,0.0
6692-UDPJC,10-20,90+,0,0.0
1273-MTETI,0-10,70-90,0,0.0
0657-DOGUM,40-50,50-70,0,0.0
5480-HPRRX,0-10,10-30,0,0.0
8792-AOROI,0-10,50-70,0,0.0
0295-PPHDO,0-10,90+,0,0.0
5146-YYFRZ,50+,10-30,0,0.0
1195-OIYEJ,10-20,90+,0,0.0
5906-CVLHP,40-50,50-70,0,0.0
3452-SRFEG,40-50,70-90,0,0.0
4070-OKWVH,50+,90+,0,0.0
5297-MDOIR,50+,70-90,0,0.0
6369-MCAKO,50+,70-90,0,0.0
4926-UMJZD,30-40,30-50,0,0.0
6848-HJTXY,50+,10-30,0,0.0
6341-AEVKX,50+,90+,0,0.0
4501-EQDRN,0-10,50-70,0,0.0
2990-HWIML,0-10,70-90,0,0.0
0682-USIXD,20-30,70-90,0,0.0
6976-BWGLQ,50+,10-30,0,0.0
7078-NVFAM,30-40,30-50,0,0.0
8065-QBYTO,50+,90+,0,0.0
2133-TSRRM,30-40,90+,0,0.0
7384-GHBPI,0-10,30-50,0,0.0
7603-USHJS,10-20,70-90,0,0.0
7234-FECYN,0-10,90+,0,0.0
2511-ALLCS,30-40,10-30,0,0.0
3191-CSNMG,0-10,70-90,1,80.7
7952-OBOYL,0-10,70-90,0,0.0
7470-DYNOE,50+,50-70,0,0.0
7853-OETYL,0-10,10-30,0,0.0
1545-ACTAS,40-50,90+,0,0.0
5876-HZVZM,0-10,50-70,0,0.0
1400-MMYXY,0-10,90+,0,0.0
5126-RCXYW,50+,30-50,0,0.0
3085-QUOZK,0-10,30-50,0,0.0
2363-BJLSL,50+,70-90,0,0.0
1956-YIFGE,20-30,90+,0,0.0
3926-CUQZX,0-10,30-50,0,0.0
7921-LMDFQ,50+,90+,0,0.0
2925-MXLSX,30-40,50-70,0,0.0
5820-PTRYM,50+,50-70,0,0.0
9609-BENEA,30-40,50-70,0,0.0
6211-WHMYA,50+,30-50,0,0.0
4459-BBGHE,30-40,30-50,0,0.0
9945-PSVIP,20-30,10-30,0,0.0
1041-RXHRA,40-50,70-90,0,0.0
1750-CSKKM,0-10,50-70,0,0.0
9108-EJFJP,0-10,50-70,0,0.0
0530-IJVDB,50+,90+,0,0.0
0508-SQWPL,50+,10-30,0,0.0
2215-ZAFGX,0-10,70-90,1,85.5
8213-TAZPM,50+,90+,0,0.0
7142-HVGBG,40-50,90+,0,0.0
1304-SEGFY,50+,90+,0,0.0
7242-EDTYC,40-50,10-30,0,0.0
2904-GGUAZ,50+,70-90,0,0.0
8267-ZNYVZ,30-40,90+,0,0.0
5136-GFPMB,50+,70-90,0,0.0
2595-KIWPV,20-30,10-30,0,0.0
5243-SAOTC,50+,70-90,0,0.0
9398-MMQTO,0-10,70-90,0,0.0
7619-PLRLP,50+,70-90,0,0.0
6457-GIRWB,0-10,50-70,0,0.0
6508-NJYRO,10-20,10-30,0,0.0
1450-SKCVI,50+,70-90,0,0.0
4710-NKCAW,0-10,50-70,0,0.0
5306-BVTKJ,40-50,50-70,0,0.0
0357-NVCRI,20-30,10-30,0,0.0
5570-PTWEH,0-10,70-90,0,0.0
2371-KFUOG,50+,90+,0,0.0
0463-ZSDNT,10-20,50-70,0,0.0
6502-MJQAE,0-10,50-70,0,0.0
6257-DTAYD,50+,90+,0,0.0
4616-ULAOA,50+,90+,0,0.0
7693-LCKZL,0-10,70-90,0,0.0
7746-AWNQW,20-30,30-50,0,0.0
5996-EBTKM,50+,50-70,0,0.0
2758-RNWXS,30-40,70-90,0,0.0
2314-TNDJQ,50+,50-70,0,0.0
2405-LBMUW,50+,50-70,0,0.0
3454-JFUBC,50+,10-30,0,0.0
0032-PGELS,0-10,30-50,0,0.0
9039-ZVJDC,0-10,10-30,0,0.0
6797-LNAQX,50+,90+,0,0.0
9013-AQORL,40-50,30-50,0,0.0
2898-MRKPI,50+,90+,0,0.0
2750-BJLSB,40-50,90+,0,0.0
3648-GZPHF,30-40,30-50,0,0.0
2075-RMJIK,0-10,30-50,0,0.0
9588-YRFHY,40-50,10-30,0,0.0
6394-MFYNG,40-50,90+,0,0.0
1564-NTYXF,10-20,70-90,0,0.0
9364-YKUVW,10-20,10-30,0,0.0
5392-AKEMH,10-20,30-50,0,0.0
2451-YMUXS,50+,50-70,0,0.0
3914-FDRHP,0-10,70-90,1,86.25
3078-ZKNTS,10-20,10-30,0,0.0
1024-KPRBB,30-40,70-90,0,0.0
4690-PKDQG,40-50,90+,0,0.0
8155-IBNHG,20-30,70-90,0,0.0
0886-QGENL,20-30,90+,0,0.0
9547-ITEFG,0-10,90+,0,0.0
1264-FUHCX,40-50,50-70,0,0.0
7789-CRUVC,50+,90+,0,0.0
6598-KELSS,50+,30-50,0,0.0
8739-WWKDU,20-30,70-90,0,0.0
8685-WHQPW,20-30,70-90,0,0.0
4745-LSPLO,0-10,10-30,0,0.0
8083-YTZES,0-10,70-90,0,0.0
7240-FQLHE,10-20,90+,0,0.0
6664-FPDAC,50+,90+,0,0.0
9972-VAFJJ,50+,90+,0,0.0
0422-UXFAP,50+,90+,0,0.0
1904-WAJAA,20-30,50-70,0,0.0
5130-YPIRV,50+,70-90,0,0.0
2843-CQMEG,20-30,30-50,0,0.0
6439-PKTRR,50+,70-90,0,0.0
5351-QESIO,0-10,10-30,0,0.0
0786-VSSUD,10-20,30-50,0,0.0
5568-DMXZS,0-10,50-70,0,0.0
8468-FZTOE,50+,70-90,0,0.0
6633-SYEUS,20-30,70-90,0,0.0
6447-GORXK,30-40,10-30,0,0.0
6967-PEJLL,30-40,30-50,0,0.0
3976-BWUCK,30-40,90+,0,0.0
5981-ZVXOT,30-40,90+,0,0.0
1684-FLBGS,20-30,50-70,0,0.0
1389-WNUIB,20-30,70-90,0,0.0
0376-OIWME,30-40,90+,0,0.0
3585-ISXZP,0-10,90+,0,0.0
0218-QNVAS,50+,90+,0,0.0
6583-QGCSI,50+,70-90,0,0.0
0804-YGEQV,40-50,10-30,0,0.0
7164-BPTUT,50+,70-90,0,0.0
4174-LPGTI,40-50,50-70,0,0.0
2523-EWWZL,20-30,70-90,0,0.0
0928-XUTSN,10-20,70-90,0,0.0
2108-XWMPY,0-10,30-50,0,0.0
0052-YNYOT,50+,10-30,0,0.0
6304-IJFSQ,0-10,30-50,0,0.0
9586-JGQKH,50+,90+,0,0.0
4501-VCPFK,20-30,30-50,0,0.0
6075-SLNIL,30-40,90+,0,0.0
9347-AERRL,20-30,10-30,0,0.0
0093-XWZFY,40-50,90+,0,0.0
2274-XUATA,50+,50-70,0,0.0
1980-KXVPM,0-10,70-90,0,0.0
7703-ZEKEF,20-30,70-90,0,0.0
0723-DRCLG,0-10,70-90,0,0.0
5482-NUPNA,0-10,50-70,0,0.0
6691-CCIHA,50+,70-90,0,0.0
1685-BQULA,40-50,90+,0,0.0
9053-EJUNL,40-50,70-90,0,0.0
0666-UXTJO,30-40,70-90,0,0.0
1471-GIQKQ,0-10,30-50,0,0.0
4807-IZYOZ,50+,10-30,0,0.0
1122-JWTJW,0-10,70-90,0,0.0
9710-NJERN,30-40,10-30,0,0.0
9837-FWLCH,10-20,10-30,0,0.0
1699-HPSBG,10-20,50-70,0,0.0
7203-OYKCT,50+,90+,0,0.0
1035-IPQPU,50+,90+,0,0.0
7398-LXGYX,40-50,70-90,0,0.0
2823-LKABH,10-20,90+,0,0.0
8775-CEBBJ,0-10,30-50,0,0.0
0550-DCXLH,10-20,70-90,0,0.0
9281-CEDRU,50+,50-70,0,0.0
2235-DWLJU,0-10,30-50,0,0.0
0871-OPBXW,0-10,10-30,0,0.0
3605-JISKB,50+,50-70,0,0.0
6894-LFHLY,0-10,70-90,0,0.0
9767-FFLEM,30-40,50-70,0,0.0
0639-TSIQW,50+,90+,0,0.0
8456-QDAVC,10-20,70-90,0,0.0
7750-EYXWZ,10-20,50-70,0,0.0
2569-WGERO,50+,10-30,0,0.0
6840-RESVB,20-30,70-90,0,0.0
2234-XADUH,50+,90+,0,0.0
4801-JZAZL,10-20,10-30,0,0.0
8361-LTMKD,0-10,70-90,0,0.0
3186-AJIEK,50+,90+,0,0.0
